work_order_id,seat_id,registration,suite,opened_at,closed_at,reported_fault_code,reported_symptom,station,action_taken,part_replaced,outcome,shop_finding,labour_hours,total_cost_eur
WO-70013,D-AXFC-3K,D-AXFC,3K,2024-09-14T07:00:00Z,2024-09-17T07:00:00Z,F-25-2140,"Suite 3K controls dead for approx. 2 min after take-off, then normal again.",MUC,"Functional test only, no defect found",DA-IFE-9002,NFF,No fault found on bench test,2.5,35250
WO-70072,D-AXFD-1K,D-AXFD,1K,2024-09-14T17:00:00Z,2024-09-21T17:00:00Z,F-25-2188,"Privacy divider 1K does not fully stow for landing, had to be pushed by hand.",SIN,Component replaced,,CONFIRMED_FAULT,Defect confirmed on bench test,2.6,0
WO-70003,D-AXFF-4A,D-AXFF,4A,2024-09-14T19:00:00Z,2024-09-18T19:00:00Z,,"Suite 4A: cosmetic scuff on the table edge, no function impact.",MUC,Connector re-seated and locked,,CONFIRMED_FAULT,Defect confirmed on bench test,4.2,0
WO-70079,D-AXFE-4A,D-AXFE,4A,2024-09-17T00:00:00Z,2024-09-25T00:00:00Z,F-25-2188,"Privacy divider 4A does not fully stow for landing, had to be pushed by hand.",JNB,Cleaning and lubrication,,CONFIRMED_FAULT,Defect confirmed on bench test,5.5,0
WO-70032,D-AXFD-1K,D-AXFD,1K,2024-09-22T20:00:00Z,2024-10-01T20:00:00Z,F-25-2166,"1K: USB dead, no light on the port.",JNB,Connector re-seated and locked,DA-PSU-5150,CONFIRMED_FAULT,Defect confirmed on bench test,4.5,3800
WO-70103,D-AXFF-2A,D-AXFF,2A,2024-09-23T02:00:00Z,2024-09-27T02:00:00Z,F-25-2188,"Privacy divider 2A does not fully stow for landing, had to be pushed by hand.",HND,"Functional test only, no defect found",DA-ACT-2205,CONFIRMED_FAULT,Defect confirmed on bench test,4.7,13800
WO-70026,D-AXFF-4K,D-AXFF,4K,2024-09-25T12:00:00Z,2024-10-07T12:00:00Z,,"4K cushion cover loose, cosmetic only.",SIN,"Functional test only, no defect found",,NFF,No fault found on bench test,2.6,0
WO-70133,D-AXFF-3K,D-AXFF,3K,2024-10-01T00:00:00Z,2024-10-03T00:00:00Z,F-25-2101,"3K recline stops halfway, motor sounds loud. Reset via cabin panel no effect.",SIN,Connector re-seated and locked,DA-SCU-4410,CONFIRMED_FAULT,Defect confirmed on bench test,4.9,3800
WO-70078,D-AXFB-2A,D-AXFB,2A,2024-10-01T05:00:00Z,2024-10-13T05:00:00Z,F-25-2166,"USB socket 2A not charging, pax used the spare seat.",MUC,Software reload,DA-CSH-0450,CONFIRMED_FAULT,Defect confirmed on bench test,2.9,3800
WO-70063,D-AXFE-3K,D-AXFE,3K,2024-10-04T12:00:00Z,2024-10-07T12:00:00Z,F-25-2166,"3K: USB dead, no light on the port.",MUC,Software reload,DA-PSU-5150,CONFIRMED_FAULT,Defect confirmed on bench test,3.9,3800
WO-70059,D-AXFE-3A,D-AXFE,3A,2024-10-05T04:00:00Z,2024-10-11T04:00:00Z,F-25-2166,"3A: USB dead, no light on the port.",JNB,Cleaning and lubrication,,CONFIRMED_FAULT,Defect confirmed on bench test,1.2,0
WO-70087,D-AXFB-3K,D-AXFB,3K,2024-11-06T00:00:00Z,2024-11-11T00:00:00Z,F-23-3401,"3K screen off after 6 hrs cruise, seat box very warm to the touch.",SIN,Software reload,DA-HRN-7712,NFF,No fault found on bench test,3.6,5250
WO-70096,D-AXFC-2K,D-AXFC,2K,2024-11-07T11:00:00Z,2024-11-11T11:00:00Z,F-25-2140,"2K: seat panel froze during climb, worked again in cruise. Not reproducible on ground.",JFK,Connector re-seated and locked,DA-IFE-9002,NFF,No fault found on bench test,3.8,15250
WO-70002,D-AXFD-2K,D-AXFD,2K,2024-11-08T21:00:00Z,2024-11-12T21:00:00Z,F-25-2166,"USB socket 2K not charging, pax used the spare seat.",HND,Harness segment replaced,DA-IFE-9002,CONFIRMED_FAULT,Defect confirmed on bench test,1.1,3800
WO-70125,D-AXFC-1A,D-AXFC,1A,2024-11-09T02:00:00Z,2024-11-18T02:00:00Z,,"1A cushion cover loose, cosmetic only.",JFK,Cleaning and lubrication,,CONFIRMED_FAULT,Defect confirmed on bench test,5.0,0
WO-70121,D-AXFA-4A,D-AXFA,4A,2024-11-10T09:00:00Z,2024-11-12T09:00:00Z,F-25-2140,"Suite 4A controls dead for approx. 2 min after take-off, then normal again.",JNB,Component replaced,DA-SCU-4410,CONFIRMED_FAULT,Defect confirmed on bench test,5.6,23800
WO-70031,D-AXFC-3K,D-AXFC,3K,2024-11-11T03:00:00Z,2024-11-13T03:00:00Z,F-25-2166,"3K: USB dead, no light on the port.",MUC,Harness segment replaced,DA-ACT-2205,CONFIRMED_FAULT,Defect confirmed on bench test,2.0,3800
WO-70083,D-AXFC-3A,D-AXFC,3A,2024-11-19T03:00:00Z,2024-11-23T03:00:00Z,F-25-2140,"3A: seat panel froze during climb, worked again in cruise. Not reproducible on ground.",FRA,Software reload,DA-CSH-0450,CONFIRMED_FAULT,Defect confirmed on bench test,2.1,33800
WO-70095,D-AXFB-1A,D-AXFB,1A,2024-11-27T22:00:00Z,2024-12-03T22:00:00Z,F-23-3401,"IFE at 1A went black mid-flight, came back after approx. 20 min.",JFK,Connector re-seated and locked,,NFF,No fault found on bench test,1.1,0
WO-70106,D-AXFE-4K,D-AXFE,4K,2024-12-01T05:00:00Z,2024-12-07T05:00:00Z,F-25-2166,"USB socket 4K not charging, pax used the spare seat.",SIN,Cleaning and lubrication,DA-ACT-2205,CONFIRMED_FAULT,Defect confirmed on bench test,5.1,3800
WO-70097,D-AXFC-4A,D-AXFC,4A,2024-12-02T23:00:00Z,2024-12-09T23:00:00Z,F-23-3401,"IFE at 4A went black mid-flight, came back after approx. 20 min.",FRA,Cleaning and lubrication,,CONFIRMED_FAULT,Defect confirmed on bench test,1.5,0
WO-70025,D-AXFA-4A,D-AXFA,4A,2024-12-05T18:00:00Z,2024-12-13T18:00:00Z,F-25-2140,"Suite 4A controls dead for approx. 2 min after take-off, then normal again.",GRU,Connector re-seated and locked,DA-CSH-0450,CONFIRMED_FAULT,Defect confirmed on bench test,1.4,33800
WO-70123,D-AXFD-3A,D-AXFD,3A,2024-12-06T14:00:00Z,2024-12-10T14:00:00Z,,"Suite 3A: cosmetic scuff on the table edge, no function impact.",JFK,Component replaced,,CONFIRMED_FAULT,Defect confirmed on bench test,4.8,0
WO-70009,D-AXFF-3A,D-AXFF,3A,2024-12-15T14:00:00Z,2024-12-18T14:00:00Z,F-25-2140,"Intermittent loss of seat control 3A, happened three times, always around turbulence.",FRA,Cleaning and lubrication,DA-SCU-4410,CONFIRMED_FAULT,Defect confirmed on bench test,1.4,33800
WO-70116,D-AXFE-1K,D-AXFE,1K,2024-12-19T08:00:00Z,2024-12-23T08:00:00Z,,"Suite 1K: cosmetic scuff on the table edge, no function impact.",HND,Software reload,,CONFIRMED_FAULT,Defect confirmed on bench test,4.9,0
WO-70099,D-AXFC-1K,D-AXFC,1K,2024-12-21T08:00:00Z,2024-12-25T08:00:00Z,F-25-2101,"Seat 1K backrest jerky, would not go flat for the night service.",MUC,Connector re-seated and locked,DA-CSH-0450,CONFIRMED_FAULT,Defect confirmed on bench test,4.6,13800
WO-70130,D-AXFE-4K,D-AXFE,4K,2025-01-03T19:00:00Z,2025-01-13T19:00:00Z,,"Suite 4K: cosmetic scuff on the table edge, no function impact.",JFK,Component replaced,,NFF,No fault found on bench test,1.2,0
WO-70117,D-AXFF-2K,D-AXFF,2K,2025-01-04T07:00:00Z,2025-01-04T07:00:00Z,F-25-2166,"USB socket 2K not charging, pax used the spare seat.",JNB,Harness segment replaced,,CONFIRMED_FAULT,Defect confirmed on bench test,5.5,0
WO-70010,D-AXFF-1A,D-AXFF,1A,2025-01-05T23:00:00Z,2025-01-10T23:00:00Z,F-25-2101,"Suite 1A: backrest moves very slowly, pax complained twice during cruise.",FRA,Software reload,DA-IFE-9002,CONFIRMED_FAULT,Defect confirmed on bench test,3.7,33800
WO-70007,D-AXFE-4K,D-AXFE,4K,2025-01-14T07:00:00Z,2025-01-22T07:00:00Z,F-25-2140,"4K: seat panel froze during climb, worked again in cruise. Not reproducible on ground.",SIN,"Functional test only, no defect found",DA-IFE-9002,NFF,No fault found on bench test,5.8,25250
WO-70024,D-AXFD-1A,D-AXFD,1A,2025-01-15T15:00:00Z,2025-01-18T15:00:00Z,F-23-3401,"IFE at 1A went black mid-flight, came back after approx. 20 min.",FRA,Connector re-seated and locked,DA-HRN-7712,NFF,No fault found on bench test,5.5,5250
WO-70065,D-AXFA-1A,D-AXFA,1A,2025-01-18T18:00:00Z,2025-01-30T18:00:00Z,F-25-2101,"1A recline stops halfway, motor sounds loud. Reset via cabin panel no effect.",JFK,Component replaced,DA-ACT-2205,CONFIRMED_FAULT,Defect confirmed on bench test,2.7,33800
WO-70115,D-AXFD-4A,D-AXFD,4A,2025-01-18T20:00:00Z,2025-01-24T20:00:00Z,F-23-3401,"IFE at 4A went black mid-flight, came back after approx. 20 min.",HND,Connector re-seated and locked,,NFF,No fault found on bench test,3.6,0
WO-70129,D-AXFA-3A,D-AXFA,3A,2025-01-28T19:00:00Z,2025-01-30T19:00:00Z,F-23-3401,"IFE at 3A went black mid-flight, came back after approx. 20 min.",JFK,Harness segment replaced,DA-CSH-0450,NFF,No fault found on bench test,5.1,5250
WO-70052,D-AXFC-4K,D-AXFC,4K,2025-02-02T12:00:00Z,2025-02-08T12:00:00Z,F-25-2188,"4K divider stuck approx. 20 cm out, cabin crew secured it manually.",JNB,Cleaning and lubrication,DA-ACT-2201,CONFIRMED_FAULT,Defect confirmed on bench test,5.0,13800
WO-70012,D-AXFC-2A,D-AXFC,2A,2025-02-04T11:00:00Z,2025-02-09T11:00:00Z,F-23-3401,"IFE at 2A went black mid-flight, came back after approx. 20 min.",SIN,Software reload,DA-HRN-7712,CONFIRMED_FAULT,Defect confirmed on bench test,3.0,3800
WO-70118,D-AXFC-3A,D-AXFC,3A,2025-02-06T02:00:00Z,2025-02-14T02:00:00Z,F-23-3401,"3A screen off after 6 hrs cruise, seat box very warm to the touch.",JFK,"Functional test only, no defect found",DA-IFE-9002,NFF,No fault found on bench test,4.1,5250
WO-70105,D-AXFE-1A,D-AXFE,1A,2025-02-08T11:00:00Z,2025-02-09T11:00:00Z,F-25-2166,"1A: USB dead, no light on the port.",MUC,Connector re-seated and locked,DA-HRN-7712,CONFIRMED_FAULT,Defect confirmed on bench test,4.9,3800
WO-70092,D-AXFB-4A,D-AXFB,4A,2025-02-15T15:00:00Z,2025-02-26T15:00:00Z,F-23-3401,"4A screen off after 6 hrs cruise, seat box very warm to the touch.",MUC,Component replaced,DA-CON-3390,CONFIRMED_FAULT,Defect confirmed on bench test,2.0,3800
WO-70135,D-AXFB-2A,D-AXFB,2A,2025-03-01T04:00:00Z,2025-03-08T04:00:00Z,F-25-2101,"2A recline stops halfway, motor sounds loud. Reset via cabin panel no effect.",MUC,Harness segment replaced,DA-PSU-5150,CONFIRMED_FAULT,Defect confirmed on bench test,0.6,13800
WO-70005,D-AXFD-1A,D-AXFD,1A,2025-03-04T04:00:00Z,2025-03-05T04:00:00Z,F-23-3401,"IFE at 1A went black mid-flight, came back after approx. 20 min.",MUC,"Functional test only, no defect found",DA-ACT-2201,CONFIRMED_FAULT,Defect confirmed on bench test,0.7,3800
WO-70034,D-AXFD-3A,D-AXFD,3A,2025-03-04T10:00:00Z,2025-03-08T10:00:00Z,F-25-2188,"Privacy divider 3A does not fully stow for landing, had to be pushed by hand.",MUC,Harness segment replaced,DA-ACT-2201,CONFIRMED_FAULT,Defect confirmed on bench test,2.4,23800
WO-70021,D-AXFD-3K,D-AXFD,3K,2025-03-12T06:00:00Z,2025-03-20T06:00:00Z,F-23-3401,"IFE at 3K went black mid-flight, came back after approx. 20 min.",JNB,Connector re-seated and locked,DA-PSU-5150,CONFIRMED_FAULT,Defect confirmed on bench test,3.7,3800
WO-70119,D-AXFE-3A,D-AXFE,3A,2025-03-12T10:00:00Z,2025-03-18T10:00:00Z,,"Suite 3A: cosmetic scuff on the table edge, no function impact.",JFK,Cleaning and lubrication,,NFF,No fault found on bench test,1.8,0
WO-70071,D-AXFE-3K,D-AXFE,3K,2025-03-16T13:00:00Z,2025-03-24T13:00:00Z,F-25-2101,"Seat 3K backrest jerky, would not go flat for the night service.",HND,Connector re-seated and locked,,CONFIRMED_FAULT,Defect confirmed on bench test,2.1,10000
WO-70058,D-AXFD-4A,D-AXFD,4A,2025-04-05T06:00:00Z,2025-04-17T06:00:00Z,,"Suite 4A: cosmetic scuff on the table edge, no function impact.",FRA,Component replaced,,CONFIRMED_FAULT,Defect confirmed on bench test,1.0,0
WO-70090,D-AXFC-3A,D-AXFC,3A,2025-04-08T08:00:00Z,2025-04-09T08:00:00Z,F-25-2101,"Seat 3A backrest jerky, would not go flat for the night service.",JNB,Connector re-seated and locked,,CONFIRMED_FAULT,Defect confirmed on bench test,3.4,30000
WO-70100,D-AXFC-3K,D-AXFC,3K,2025-04-18T10:00:00Z,2025-04-28T10:00:00Z,F-25-2166,"USB socket 3K not charging, pax used the spare seat.",JFK,Software reload,DA-SCU-4410,CONFIRMED_FAULT,Defect confirmed on bench test,5.5,3800
WO-70137,D-AXFB-1A,D-AXFB,1A,2025-04-21T01:00:00Z,2025-05-01T01:00:00Z,F-25-2140,"1A: seat panel froze during climb, worked again in cruise. Not reproducible on ground.",HND,Harness segment replaced,DA-SCU-4410,NFF,No fault found on bench test,5.6,35250
WO-70111,D-AXFA-1K,D-AXFA,1K,2025-04-21T19:00:00Z,2025-04-24T19:00:00Z,F-25-2166,"USB socket 1K not charging, pax used the spare seat.",GRU,Component replaced,DA-PSU-5150,CONFIRMED_FAULT,Defect confirmed on bench test,4.0,3800
WO-70066,D-AXFA-4A,D-AXFA,4A,2025-04-23T23:00:00Z,2025-05-03T23:00:00Z,F-25-2188,"Privacy divider 4A does not fully stow for landing, had to be pushed by hand.",GRU,Cleaning and lubrication,DA-CSH-0450,CONFIRMED_FAULT,Defect confirmed on bench test,2.6,13800
WO-70019,D-AXFA-3A,D-AXFA,3A,2025-04-24T09:00:00Z,2025-05-04T09:00:00Z,F-25-2166,"USB socket 3A not charging, pax used the spare seat.",SIN,Connector re-seated and locked,DA-DIV-1180,CONFIRMED_FAULT,Defect confirmed on bench test,4.4,3800
WO-70131,D-AXFC-1A,D-AXFC,1A,2025-04-25T17:00:00Z,2025-05-03T17:00:00Z,F-23-3401,"1A screen off after 6 hrs cruise, seat box very warm to the touch.",JFK,Harness segment replaced,DA-CON-3390,CONFIRMED_FAULT,Defect confirmed on bench test,5.9,3800
WO-70136,D-AXFE-3A,D-AXFE,3A,2025-05-04T08:00:00Z,2025-05-11T08:00:00Z,F-25-2166,"3A: USB dead, no light on the port.",GRU,Harness segment replaced,,CONFIRMED_FAULT,Defect confirmed on bench test,0.7,0
WO-70008,D-AXFA-4K,D-AXFA,4K,2025-05-06T01:00:00Z,2025-05-17T01:00:00Z,F-25-2101,"Seat 4K backrest jerky, would not go flat for the night service.",MUC,"Functional test only, no defect found",,CONFIRMED_FAULT,Defect confirmed on bench test,4.7,10000
WO-70041,D-AXFA-3A,D-AXFA,3A,2025-05-08T19:00:00Z,2025-05-09T19:00:00Z,F-25-2101,"3A recline stops halfway, motor sounds loud. Reset via cabin panel no effect.",FRA,Component replaced,DA-PSU-5150,CONFIRMED_FAULT,Defect confirmed on bench test,3.3,33800
WO-70039,D-AXFD-1K,D-AXFD,1K,2025-05-12T13:00:00Z,2025-05-15T13:00:00Z,,"1K cushion cover loose, cosmetic only.",FRA,Harness segment replaced,,CONFIRMED_FAULT,Defect confirmed on bench test,2.3,0
WO-70050,D-AXFA-4A,D-AXFA,4A,2025-05-13T21:00:00Z,2025-05-17T21:00:00Z,F-23-3401,"4A screen off after 6 hrs cruise, seat box very warm to the touch.",JNB,Cleaning and lubrication,,NFF,No fault found on bench test,5.4,0
WO-70081,D-AXFA-3A,D-AXFA,3A,2025-05-15T22:00:00Z,2025-05-22T22:00:00Z,F-25-2188,"3A divider stuck approx. 20 cm out, cabin crew secured it manually.",JFK,Cleaning and lubrication,,CONFIRMED_FAULT,Defect confirmed on bench test,4.5,0
WO-70043,D-AXFF-3K,D-AXFF,3K,2025-05-22T21:00:00Z,2025-05-30T21:00:00Z,F-23-3401,"IFE at 3K went black mid-flight, came back after approx. 20 min.",MUC,Component replaced,,NFF,No fault found on bench test,0.8,0
WO-70093,D-AXFF-3A,D-AXFF,3A,2025-05-24T13:00:00Z,2025-05-28T13:00:00Z,F-25-2188,"3A divider stuck approx. 20 cm out, cabin crew secured it manually.",JNB,Cleaning and lubrication,DA-CON-3390,CONFIRMED_FAULT,Defect confirmed on bench test,5.5,13800
WO-70004,D-AXFD-2A,D-AXFD,2A,2025-06-07T05:00:00Z,2025-06-09T05:00:00Z,F-25-2166,"2A: USB dead, no light on the port.",MUC,Connector re-seated and locked,DA-PSU-5150,CONFIRMED_FAULT,Defect confirmed on bench test,4.3,3800
WO-70045,D-AXFB-3K,D-AXFB,3K,2025-06-11T05:00:00Z,2025-06-18T05:00:00Z,F-25-2188,"Privacy divider 3K does not fully stow for landing, had to be pushed by hand.",FRA,Component replaced,DA-SCU-4410,CONFIRMED_FAULT,Defect confirmed on bench test,3.1,13800
WO-70110,D-AXFC-3K,D-AXFC,3K,2025-06-20T12:00:00Z,2025-07-01T12:00:00Z,F-25-2166,"USB socket 3K not charging, pax used the spare seat.",GRU,Component replaced,DA-PSU-5150,CONFIRMED_FAULT,Defect confirmed on bench test,4.2,3800
WO-70084,D-AXFC-2K,D-AXFC,2K,2025-06-20T20:00:00Z,2025-06-21T20:00:00Z,F-25-2101,"Suite 2K: backrest moves very slowly, pax complained twice during cruise.",FRA,Software reload,DA-HRN-7712,CONFIRMED_FAULT,Defect confirmed on bench test,3.1,33800
WO-70102,D-AXFF-1A,D-AXFF,1A,2025-06-22T15:00:00Z,2025-07-01T15:00:00Z,F-25-2188,"Privacy divider 1A does not fully stow for landing, had to be pushed by hand.",GRU,Component replaced,DA-PSU-5150,CONFIRMED_FAULT,Defect confirmed on bench test,4.0,13800
WO-70120,D-AXFD-4A,D-AXFD,4A,2025-06-24T14:00:00Z,2025-07-06T14:00:00Z,F-25-2166,"4A: USB dead, no light on the port.",SIN,Component replaced,,CONFIRMED_FAULT,Defect confirmed on bench test,0.7,0
WO-70029,D-AXFA-3K,D-AXFA,3K,2025-06-29T19:00:00Z,2025-07-05T19:00:00Z,F-25-2166,"USB socket 3K not charging, pax used the spare seat.",FRA,Harness segment replaced,,CONFIRMED_FAULT,Defect confirmed on bench test,4.7,0
WO-70044,D-AXFC-4K,D-AXFC,4K,2025-07-02T00:00:00Z,2025-07-05T00:00:00Z,F-25-2101,"Seat 4K backrest jerky, would not go flat for the night service.",SIN,Connector re-seated and locked,DA-SCU-4410,CONFIRMED_FAULT,Defect confirmed on bench test,2.2,23800
WO-70020,D-AXFF-3K,D-AXFF,3K,2025-07-12T02:00:00Z,2025-07-15T02:00:00Z,F-25-2188,"Privacy divider 3K does not fully stow for landing, had to be pushed by hand.",MUC,Connector re-seated and locked,DA-ACT-2201,CONFIRMED_FAULT,Defect confirmed on bench test,3.4,23800
WO-70073,D-AXFB-2K,D-AXFB,2K,2025-07-17T02:00:00Z,2025-07-26T02:00:00Z,F-25-2166,"2K: USB dead, no light on the port.",JFK,Harness segment replaced,,CONFIRMED_FAULT,Defect confirmed on bench test,5.4,0
WO-70127,D-AXFF-1K,D-AXFF,1K,2025-07-22T10:00:00Z,2025-07-28T10:00:00Z,F-25-2188,"1K divider stuck approx. 20 cm out, cabin crew secured it manually.",SIN,Software reload,,CONFIRMED_FAULT,Defect confirmed on bench test,3.5,0
WO-70108,D-AXFB-1K,D-AXFB,1K,2025-07-25T00:00:00Z,2025-07-29T00:00:00Z,F-25-2140,"Suite 1K controls dead for approx. 2 min after take-off, then normal again.",HND,Cleaning and lubrication,DA-SCU-4410,CONFIRMED_FAULT,Defect confirmed on bench test,4.9,13800
WO-70113,D-AXFD-2K,D-AXFD,2K,2025-07-26T20:00:00Z,2025-07-29T20:00:00Z,F-25-2188,"2K divider stuck approx. 20 cm out, cabin crew secured it manually.",HND,Cleaning and lubrication,DA-HRN-7712,CONFIRMED_FAULT,Defect confirmed on bench test,4.1,23800
WO-70030,D-AXFE-3K,D-AXFE,3K,2025-07-26T22:00:00Z,2025-08-03T22:00:00Z,F-23-3401,"3K screen off after 6 hrs cruise, seat box very warm to the touch.",HND,Software reload,DA-ACT-2201,NFF,No fault found on bench test,3.1,5250
WO-70057,D-AXFD-3K,D-AXFD,3K,2025-08-03T08:00:00Z,2025-08-04T08:00:00Z,,"Suite 3K: cosmetic scuff on the table edge, no function impact.",MUC,Component replaced,,CONFIRMED_FAULT,Defect confirmed on bench test,5.6,0
WO-70140,D-AXFD-4K,D-AXFD,4K,2025-08-05T13:00:00Z,2025-08-08T13:00:00Z,F-25-2166,"4K: USB dead, no light on the port.",MUC,Cleaning and lubrication,DA-HRN-7712,CONFIRMED_FAULT,Defect confirmed on bench test,4.2,3800
WO-70122,D-AXFE-3A,D-AXFE,3A,2025-08-08T01:00:00Z,2025-08-17T01:00:00Z,F-25-2101,"Suite 3A: backrest moves very slowly, pax complained twice during cruise.",SIN,Harness segment replaced,DA-CON-3390,CONFIRMED_FAULT,Defect confirmed on bench test,1.3,3800
WO-70051,D-AXFD-1K,D-AXFD,1K,2025-08-11T06:00:00Z,2025-08-11T06:00:00Z,,"Suite 1K: cosmetic scuff on the table edge, no function impact.",MUC,Harness segment replaced,,CONFIRMED_FAULT,Defect confirmed on bench test,1.5,0
WO-70042,D-AXFA-3A,D-AXFA,3A,2025-08-16T00:00:00Z,2025-08-28T00:00:00Z,F-23-3401,"3A screen off after 6 hrs cruise, seat box very warm to the touch.",SIN,Cleaning and lubrication,,CONFIRMED_FAULT,Defect confirmed on bench test,0.5,0
WO-70098,D-AXFC-1K,D-AXFC,1K,2025-08-20T04:00:00Z,2025-08-23T04:00:00Z,F-23-3401,"1K screen off after 6 hrs cruise, seat box very warm to the touch.",MUC,"Functional test only, no defect found",DA-CSH-0450,CONFIRMED_FAULT,Defect confirmed on bench test,2.1,3800
WO-70085,D-AXFD-3A,D-AXFD,3A,2025-09-02T02:00:00Z,2025-09-14T02:00:00Z,F-23-3401,"IFE at 3A went black mid-flight, came back after approx. 20 min.",MUC,Component replaced,DA-CSH-0450,NFF,No fault found on bench test,5.4,5250
WO-70017,D-AXFF-3A,D-AXFF,3A,2025-09-04T00:00:00Z,2025-09-10T00:00:00Z,F-25-2188,"Privacy divider 3A does not fully stow for landing, had to be pushed by hand.",JFK,"Functional test only, no defect found",DA-CSH-0450,CONFIRMED_FAULT,Defect confirmed on bench test,4.1,33800
WO-70006,D-AXFB-1K,D-AXFB,1K,2025-09-08T10:00:00Z,2025-09-17T10:00:00Z,F-25-2166,"USB socket 1K not charging, pax used the spare seat.",HND,Harness segment replaced,,CONFIRMED_FAULT,Defect confirmed on bench test,5.7,0
WO-70037,D-AXFB-2A,D-AXFB,2A,2025-09-10T17:00:00Z,2025-09-12T17:00:00Z,,"2A cushion cover loose, cosmetic only.",JFK,Component replaced,,NFF,No fault found on bench test,2.0,0
WO-70104,D-AXFA-4K,D-AXFA,4K,2025-09-18T13:00:00Z,2025-09-28T13:00:00Z,F-23-3401,"IFE at 4K went black mid-flight, came back after approx. 20 min.",JNB,Component replaced,DA-SCU-4410,CONFIRMED_FAULT,Defect confirmed on bench test,2.2,3800
WO-70062,D-AXFF-4A,D-AXFF,4A,2025-09-20T15:00:00Z,2025-09-22T15:00:00Z,F-25-2101,"Seat 4A backrest jerky, would not go flat for the night service.",JFK,Harness segment replaced,,CONFIRMED_FAULT,Defect confirmed on bench test,2.5,20000
WO-70101,D-AXFF-2K,D-AXFF,2K,2025-09-30T01:00:00Z,2025-10-11T01:00:00Z,F-25-2140,"2K: seat panel froze during climb, worked again in cruise. Not reproducible on ground.",MUC,"Functional test only, no defect found",DA-SCU-4410,CONFIRMED_FAULT,Defect confirmed on bench test,1.2,33800
WO-70068,D-AXFA-1K,D-AXFA,1K,2025-10-01T20:00:00Z,2025-10-12T20:00:00Z,F-25-2166,"1K: USB dead, no light on the port.",GRU,Cleaning and lubrication,DA-CON-3390,CONFIRMED_FAULT,Defect confirmed on bench test,0.5,3800
WO-70047,D-AXFA-3K,D-AXFA,3K,2025-10-06T10:00:00Z,2025-10-07T10:00:00Z,F-25-2188,"Privacy divider 3K does not fully stow for landing, had to be pushed by hand.",JFK,Connector re-seated and locked,DA-ACT-2205,CONFIRMED_FAULT,Defect confirmed on bench test,1.2,3800
WO-70124,D-AXFD-1K,D-AXFD,1K,2025-10-08T11:00:00Z,2025-10-16T11:00:00Z,F-23-3401,"1K screen off after 6 hrs cruise, seat box very warm to the touch.",JFK,Connector re-seated and locked,DA-CON-3390,NFF,No fault found on bench test,1.1,5250
WO-70055,D-AXFA-1A,D-AXFA,1A,2025-10-14T02:00:00Z,2025-10-14T02:00:00Z,,"Suite 1A: cosmetic scuff on the table edge, no function impact.",JFK,Component replaced,,NFF,No fault found on bench test,2.7,0
WO-70088,D-AXFE-4K,D-AXFE,4K,2025-10-22T23:00:00Z,2025-10-25T23:00:00Z,F-25-2166,"4K: USB dead, no light on the port.",FRA,"Functional test only, no defect found",DA-SCU-4410,CONFIRMED_FAULT,Defect confirmed on bench test,1.9,3800
WO-70036,D-AXFC-3K,D-AXFC,3K,2025-11-12T12:00:00Z,2025-11-15T12:00:00Z,F-25-2140,"Suite 3K controls dead for approx. 2 min after take-off, then normal again.",FRA,Cleaning and lubrication,DA-CON-3390,NFF,No fault found on bench test,5.2,15250
WO-70109,D-AXFD-1K,D-AXFD,1K,2025-11-30T05:00:00Z,2025-12-04T05:00:00Z,F-25-2166,"USB socket 1K not charging, pax used the spare seat.",JNB,Harness segment replaced,DA-SCU-4410,CONFIRMED_FAULT,Defect confirmed on bench test,1.3,3800
WO-70064,D-AXFB-4K,D-AXFB,4K,2025-11-30T15:00:00Z,2025-12-06T15:00:00Z,F-25-2140,"Intermittent loss of seat control 4K, happened three times, always around turbulence.",JNB,"Functional test only, no defect found",,CONFIRMED_FAULT,Defect confirmed on bench test,5.8,10000
WO-70033,D-AXFA-2K,D-AXFA,2K,2025-12-12T01:00:00Z,2025-12-19T01:00:00Z,F-25-2166,"2K: USB dead, no light on the port.",MUC,Software reload,DA-IFE-9002,CONFIRMED_FAULT,Defect confirmed on bench test,1.2,3800
WO-70028,D-AXFB-3K,D-AXFB,3K,2025-12-17T00:00:00Z,2025-12-23T00:00:00Z,F-25-2166,"USB socket 3K not charging, pax used the spare seat.",JNB,Connector re-seated and locked,DA-PSU-5150,CONFIRMED_FAULT,Defect confirmed on bench test,1.8,3800
WO-70132,D-AXFC-1K,D-AXFC,1K,2025-12-17T09:00:00Z,2025-12-24T09:00:00Z,,"Suite 1K: cosmetic scuff on the table edge, no function impact.",JNB,Software reload,,CONFIRMED_FAULT,Defect confirmed on bench test,5.3,0
WO-70077,D-AXFB-2K,D-AXFB,2K,2025-12-18T07:00:00Z,2025-12-30T07:00:00Z,F-25-2166,"2K: USB dead, no light on the port.",FRA,Cleaning and lubrication,DA-SCU-4410,CONFIRMED_FAULT,Defect confirmed on bench test,5.3,3800
WO-70089,D-AXFA-3K,D-AXFA,3K,2025-12-24T16:00:00Z,2025-12-30T16:00:00Z,F-25-2166,"USB socket 3K not charging, pax used the spare seat.",FRA,Component replaced,DA-PSU-5150,CONFIRMED_FAULT,Defect confirmed on bench test,3.8,3800
WO-70094,D-AXFB-1A,D-AXFB,1A,2025-12-30T08:00:00Z,2026-01-04T08:00:00Z,F-25-2166,"1A: USB dead, no light on the port.",SIN,Harness segment replaced,DA-PSU-5150,CONFIRMED_FAULT,Defect confirmed on bench test,1.9,3800
WO-70067,D-AXFF-2A,D-AXFF,2A,2026-01-03T02:00:00Z,2026-01-03T02:00:00Z,,"Suite 2A: cosmetic scuff on the table edge, no function impact.",MUC,Connector re-seated and locked,,CONFIRMED_FAULT,Defect confirmed on bench test,2.2,0
WO-70082,D-AXFA-1K,D-AXFA,1K,2026-01-04T17:00:00Z,2026-01-08T17:00:00Z,F-25-2140,"Intermittent loss of seat control 1K, happened three times, always around turbulence.",FRA,Cleaning and lubrication,DA-ACT-2201,CONFIRMED_FAULT,Defect confirmed on bench test,1.6,3800
WO-70014,D-AXFF-1K,D-AXFF,1K,2026-01-10T22:00:00Z,2026-01-12T22:00:00Z,F-23-3401,"IFE at 1K went black mid-flight, came back after approx. 20 min.",SIN,Harness segment replaced,DA-PSU-5150,CONFIRMED_FAULT,Defect confirmed on bench test,5.0,3800
WO-70038,D-AXFD-2A,D-AXFD,2A,2026-01-25T02:00:00Z,2026-01-29T02:00:00Z,F-25-2166,"USB socket 2A not charging, pax used the spare seat.",GRU,Harness segment replaced,DA-HRN-7712,CONFIRMED_FAULT,Defect confirmed on bench test,5.4,3800
WO-70023,D-AXFF-4A,D-AXFF,4A,2026-02-02T02:00:00Z,2026-02-03T02:00:00Z,F-25-2140,"Suite 4A controls dead for approx. 2 min after take-off, then normal again.",SIN,Component replaced,,CONFIRMED_FAULT,Defect confirmed on bench test,5.4,10000
WO-70061,D-AXFA-2A,D-AXFA,2A,2026-02-05T05:00:00Z,2026-02-09T05:00:00Z,F-25-2101,"Suite 2A: backrest moves very slowly, pax complained twice during cruise.",FRA,Software reload,DA-CSH-0450,CONFIRMED_FAULT,Defect confirmed on bench test,5.2,3800
WO-70011,D-AXFF-3K,D-AXFF,3K,2026-02-09T23:00:00Z,2026-02-17T23:00:00Z,F-25-2140,"Suite 3K controls dead for approx. 2 min after take-off, then normal again.",MUC,Software reload,DA-IFE-9002,CONFIRMED_FAULT,Defect confirmed on bench test,5.7,33800
WO-70107,D-AXFB-4K,D-AXFB,4K,2026-02-23T08:00:00Z,2026-02-28T08:00:00Z,F-23-3401,"IFE at 4K went black mid-flight, came back after approx. 20 min.",JNB,Cleaning and lubrication,DA-PSU-5150,NFF,No fault found on bench test,4.9,5250
WO-70091,D-AXFE-3A,D-AXFE,3A,2026-03-01T05:00:00Z,2026-03-04T05:00:00Z,,"Suite 3A: cosmetic scuff on the table edge, no function impact.",SIN,Harness segment replaced,,CONFIRMED_FAULT,Defect confirmed on bench test,1.1,0
WO-70060,D-AXFE-2A,D-AXFE,2A,2026-03-06T22:00:00Z,2026-03-15T22:00:00Z,F-25-2140,"Suite 2A controls dead for approx. 2 min after take-off, then normal again.",JNB,Cleaning and lubrication,DA-PSU-5150,NFF,No fault found on bench test,1.9,35250
WO-70139,D-AXFE-4K,D-AXFE,4K,2026-03-09T15:00:00Z,2026-03-21T15:00:00Z,F-25-2166,"USB socket 4K not charging, pax used the spare seat.",FRA,Harness segment replaced,,CONFIRMED_FAULT,Defect confirmed on bench test,4.8,0
WO-70049,D-AXFA-2A,D-AXFA,2A,2026-03-11T22:00:00Z,2026-03-18T22:00:00Z,F-25-2140,"2A: seat panel froze during climb, worked again in cruise. Not reproducible on ground.",JFK,Connector re-seated and locked,,NFF,No fault found on bench test,1.3,20000
WO-70054,D-AXFB-1K,D-AXFB,1K,2026-03-12T20:00:00Z,2026-03-15T20:00:00Z,F-25-2188,"Privacy divider 1K does not fully stow for landing, had to be pushed by hand.",HND,Cleaning and lubrication,,CONFIRMED_FAULT,Defect confirmed on bench test,3.0,20000
WO-70075,D-AXFE-1A,D-AXFE,1A,2026-03-16T04:00:00Z,2026-03-20T04:00:00Z,F-25-2101,"Seat 1A backrest jerky, would not go flat for the night service.",HND,"Functional test only, no defect found",DA-HRN-7712,CONFIRMED_FAULT,Defect confirmed on bench test,3.7,33800
WO-70048,D-AXFF-3A,D-AXFF,3A,2026-03-17T02:00:00Z,2026-03-18T02:00:00Z,,"Suite 3A: cosmetic scuff on the table edge, no function impact.",SIN,Connector re-seated and locked,,NFF,No fault found on bench test,3.3,0
WO-70001,D-AXFD-2A,D-AXFD,2A,2026-03-24T06:00:00Z,2026-03-27T06:00:00Z,,"Suite 2A: cosmetic scuff on the table edge, no function impact.",GRU,Connector re-seated and locked,,CONFIRMED_FAULT,Defect confirmed on bench test,3.6,0
WO-70016,D-AXFC-1A,D-AXFC,1A,2026-04-03T23:00:00Z,2026-04-09T23:00:00Z,F-25-2101,"Suite 1A: backrest moves very slowly, pax complained twice during cruise.",FRA,Connector re-seated and locked,DA-SCU-4410,CONFIRMED_FAULT,Defect confirmed on bench test,1.8,23800
WO-70015,D-AXFE-1K,D-AXFE,1K,2026-04-06T15:00:00Z,2026-04-15T15:00:00Z,,"1K cushion cover loose, cosmetic only.",HND,Connector re-seated and locked,,NFF,No fault found on bench test,5.8,0
WO-70138,D-AXFA-2K,D-AXFA,2K,2026-04-11T11:00:00Z,2026-04-11T11:00:00Z,F-25-2166,"2K: USB dead, no light on the port.",JNB,Component replaced,DA-DIV-1180,CONFIRMED_FAULT,Defect confirmed on bench test,0.6,3800
WO-70076,D-AXFA-4A,D-AXFA,4A,2026-04-16T22:00:00Z,2026-04-17T22:00:00Z,F-25-2101,"4A recline stops halfway, motor sounds loud. Reset via cabin panel no effect.",JNB,Cleaning and lubrication,DA-ACT-2205,CONFIRMED_FAULT,Defect confirmed on bench test,5.0,13800
WO-70126,D-AXFA-4K,D-AXFA,4K,2026-04-20T21:00:00Z,2026-04-22T21:00:00Z,F-25-2101,"Seat 4K backrest jerky, would not go flat for the night service.",JNB,Software reload,DA-SCU-4410,CONFIRMED_FAULT,Defect confirmed on bench test,2.3,13800
WO-70053,D-AXFE-1A,D-AXFE,1A,2026-04-24T05:00:00Z,2026-05-05T05:00:00Z,F-23-3401,"IFE at 1A went black mid-flight, came back after approx. 20 min.",SIN,Software reload,,CONFIRMED_FAULT,Defect confirmed on bench test,1.1,0
WO-70134,D-AXFB-3A,D-AXFB,3A,2026-05-09T14:00:00Z,2026-05-19T14:00:00Z,F-25-2101,"3A recline stops halfway, motor sounds loud. Reset via cabin panel no effect.",MUC,Harness segment replaced,DA-ACT-2201,CONFIRMED_FAULT,Defect confirmed on bench test,0.9,33800
WO-70035,D-AXFE-3K,D-AXFE,3K,2026-05-14T07:00:00Z,2026-05-22T07:00:00Z,F-23-3401,"3K screen off after 6 hrs cruise, seat box very warm to the touch.",JFK,Connector re-seated and locked,,CONFIRMED_FAULT,Defect confirmed on bench test,2.5,0
WO-70080,D-AXFD-3K,D-AXFD,3K,2026-05-18T20:00:00Z,2026-05-28T20:00:00Z,F-25-2188,"Privacy divider 3K does not fully stow for landing, had to be pushed by hand.",HND,Software reload,,CONFIRMED_FAULT,Defect confirmed on bench test,2.0,20000
WO-70086,D-AXFB-3K,D-AXFB,3K,2026-05-22T22:00:00Z,2026-05-30T22:00:00Z,F-25-2188,"Privacy divider 3K does not fully stow for landing, had to be pushed by hand.",GRU,Component replaced,DA-CON-3390,CONFIRMED_FAULT,Defect confirmed on bench test,0.6,13800
WO-70070,D-AXFD-4K,D-AXFD,4K,2026-05-28T13:00:00Z,2026-06-04T13:00:00Z,F-25-2101,"Suite 4K: backrest moves very slowly, pax complained twice during cruise.",SIN,Harness segment replaced,,CONFIRMED_FAULT,Defect confirmed on bench test,3.4,20000
WO-70114,D-AXFB-3A,D-AXFB,3A,2026-05-31T13:00:00Z,2026-06-01T13:00:00Z,F-25-2101,"Seat 3A backrest jerky, would not go flat for the night service.",JFK,Component replaced,,CONFIRMED_FAULT,Defect confirmed on bench test,1.4,20000
WO-70027,D-AXFD-3A,D-AXFD,3A,2026-06-03T15:00:00Z,2026-06-09T15:00:00Z,F-25-2140,"Intermittent loss of seat control 3A, happened three times, always around turbulence.",FRA,Connector re-seated and locked,DA-ACT-2201,NFF,No fault found on bench test,3.7,35250
WO-70069,D-AXFE-4K,D-AXFE,4K,2026-06-08T00:00:00Z,2026-06-20T00:00:00Z,F-25-2166,"USB socket 4K not charging, pax used the spare seat.",FRA,Connector re-seated and locked,DA-IFE-9002,CONFIRMED_FAULT,Defect confirmed on bench test,4.6,3800
WO-70128,D-AXFB-3K,D-AXFB,3K,2026-06-18T23:00:00Z,2026-06-20T23:00:00Z,F-25-2140,"3K: seat panel froze during climb, worked again in cruise. Not reproducible on ground.",GRU,Harness segment replaced,DA-ACT-2205,NFF,No fault found on bench test,5.0,25250
WO-70074,D-AXFD-3K,D-AXFD,3K,2026-06-19T21:00:00Z,2026-07-01T21:00:00Z,F-25-2166,"3K: USB dead, no light on the port.",JFK,Cleaning and lubrication,DA-IFE-9002,CONFIRMED_FAULT,Defect confirmed on bench test,3.2,3800
WO-70046,D-AXFC-3A,D-AXFC,3A,2026-06-21T06:00:00Z,2026-06-22T06:00:00Z,F-23-3401,"IFE at 3A went black mid-flight, came back after approx. 20 min.",JNB,Harness segment replaced,DA-PSU-5150,CONFIRMED_FAULT,Defect confirmed on bench test,2.4,3800
WO-70022,D-AXFC-2A,D-AXFC,2A,2026-06-26T22:00:00Z,2026-07-02T22:00:00Z,,"2A cushion cover loose, cosmetic only.",FRA,"Functional test only, no defect found",,CONFIRMED_FAULT,Defect confirmed on bench test,0.7,0
WO-70018,D-AXFF-4K,D-AXFF,4K,2026-06-30T07:00:00Z,2026-07-12T07:00:00Z,F-23-3401,"4K screen off after 6 hrs cruise, seat box very warm to the touch.",JFK,"Functional test only, no defect found",DA-HRN-7712,NFF,No fault found on bench test,1.0,5250
WO-70112,D-AXFA-4A,D-AXFA,4A,2026-07-07T12:00:00Z,2026-07-11T12:00:00Z,F-25-2188,"Privacy divider 4A does not fully stow for landing, had to be pushed by hand.",FRA,Connector re-seated and locked,,CONFIRMED_FAULT,Defect confirmed on bench test,4.1,20000
WO-70056,D-AXFA-3A,D-AXFA,3A,2026-07-15T10:00:00Z,2026-07-25T10:00:00Z,F-25-2166,"3A: USB dead, no light on the port.",JNB,Component replaced,DA-SCU-4410,CONFIRMED_FAULT,Defect confirmed on bench test,0.7,3800
WO-70040,D-AXFF-4K,D-AXFF,4K,2026-07-31T08:00:00Z,2026-08-02T08:00:00Z,,"Suite 4K: cosmetic scuff on the table edge, no function impact.",JFK,"Functional test only, no defect found",,CONFIRMED_FAULT,Defect confirmed on bench test,3.7,0
