ts,seat_id,flight_id,can_error_count,actuator_current_a,scu_temp_c,vibration_index
2026-09-05T05:55:00Z,D-AXFB-1K,FD4018,0,2.256,37.73,0.949
2026-09-05T05:55:01Z,D-AXFB-1K,FD4018,0,2.371,37.66,1.021
2026-09-05T05:55:02Z,D-AXFB-1K,FD4018,65,2.464,37.16,1.027
2026-09-05T05:55:03Z,D-AXFB-1K,FD4018,1,2.527,37.05,0.964
2026-09-05T05:55:04Z,D-AXFB-1K,FD4018,1,2.392,37.61,1.0
2026-09-05T05:55:05Z,D-AXFB-1K,FD4018,0,2.443,37.01,0.983
2026-09-05T05:55:06Z,D-AXFB-1K,FD4018,0,2.456,37.55,1.021
2026-09-05T05:55:07Z,D-AXFB-1K,FD4018,1,2.409,37.69,1.013
2026-09-05T05:55:08Z,D-AXFB-1K,FD4018,1,2.503,37.73,1.03
2026-09-05T05:55:09Z,D-AXFB-1K,FD4018,1,2.464,38.19,0.98
2026-09-05T05:55:10Z,D-AXFB-1K,FD4018,0,2.435,37.31,1.033
2026-09-05T05:55:11Z,D-AXFB-1K,FD4018,0,2.231,38.04,0.997
2026-09-05T05:55:12Z,D-AXFB-1K,FD4018,1,2.367,38.14,0.977
2026-09-05T05:55:13Z,D-AXFB-1K,FD4018,0,2.454,37.79,1.016
2026-09-05T05:55:14Z,D-AXFB-1K,FD4018,1,2.322,37.68,0.993
2026-09-05T05:55:15Z,D-AXFB-1K,FD4018,0,2.17,36.75,0.981
2026-09-05T05:55:16Z,D-AXFB-1K,FD4018,2,2.56,38.2,0.935
2026-09-05T05:55:17Z,D-AXFB-1K,FD4018,1,2.372,37.63,1.012
2026-09-05T05:55:18Z,D-AXFB-1K,FD4018,2,2.226,39.34,0.938
2026-09-05T05:55:19Z,D-AXFB-1K,FD4018,0,2.338,38.1,0.943
2026-09-05T05:55:20Z,D-AXFB-1K,FD4018,1,2.465,38.52,1.029
2026-09-05T05:55:21Z,D-AXFB-1K,FD4018,1,2.368,38.41,1.037
2026-09-05T05:55:22Z,D-AXFB-1K,FD4018,1,2.436,38.1,1.051
2026-09-05T05:55:23Z,D-AXFB-1K,FD4018,1,2.441,38.91,0.942
2026-09-05T05:55:24Z,D-AXFB-1K,FD4018,1,2.434,38.53,0.959
2026-09-05T05:55:25Z,D-AXFB-1K,FD4018,0,2.433,38.18,0.976
2026-09-05T05:55:26Z,D-AXFB-1K,FD4018,1,2.341,37.93,0.976
2026-09-05T05:55:27Z,D-AXFB-1K,FD4018,0,2.495,37.68,0.981
2026-09-05T05:55:28Z,D-AXFB-1K,FD4018,1,2.384,38.27,1.005
2026-09-05T05:55:29Z,D-AXFB-1K,FD4018,0,2.42,37.22,0.95
2026-09-05T05:55:30Z,D-AXFB-1K,FD4018,0,2.296,38.0,1.026
2026-09-05T05:55:31Z,D-AXFB-1K,FD4018,0,2.404,37.97,0.998
2026-09-05T05:55:32Z,D-AXFB-1K,FD4018,0,2.528,37.15,0.98
2026-09-05T05:55:33Z,D-AXFB-1K,FD4018,1,2.549,38.11,0.992
2026-09-05T05:55:34Z,D-AXFB-1K,FD4018,0,2.333,37.75,0.97
2026-09-05T05:55:35Z,D-AXFB-1K,FD4018,0,2.401,38.58,1.012
2026-09-05T05:55:36Z,D-AXFB-1K,FD4018,0,2.303,38.5,0.992
2026-09-05T05:55:37Z,D-AXFB-1K,FD4018,0,2.371,37.93,0.987
2026-09-05T05:55:38Z,D-AXFB-1K,FD4018,1,2.159,37.16,0.921
2026-09-05T05:55:39Z,D-AXFB-1K,FD4018,0,2.349,37.6,1.031
2026-09-05T05:55:40Z,D-AXFB-1K,FD4018,1,2.483,38.42,1.012
2026-09-05T05:55:41Z,D-AXFB-1K,FD4018,1,2.282,38.07,1.005
2026-09-05T05:55:42Z,D-AXFB-1K,FD4018,0,2.292,38.13,1.054
2026-09-05T05:55:43Z,D-AXFB-1K,FD4018,2,2.353,37.82,0.992
2026-09-05T05:55:44Z,D-AXFB-1K,FD4018,0,2.493,36.9,1.01
2026-09-05T05:55:45Z,D-AXFB-1K,FD4018,1,2.651,38.77,1.034
2026-09-05T05:55:46Z,D-AXFB-1K,FD4018,1,2.517,37.88,1.028
2026-09-05T05:55:47Z,D-AXFB-1K,FD4018,47,2.436,37.97,1.02
2026-09-05T05:55:48Z,D-AXFB-1K,FD4018,1,2.415,38.29,0.998
2026-09-05T05:55:49Z,D-AXFB-1K,FD4018,1,2.44,38.29,0.955
2026-09-05T05:55:50Z,D-AXFB-1K,FD4018,1,2.478,38.04,1.01
2026-09-05T05:55:51Z,D-AXFB-1K,FD4018,1,2.297,37.76,0.943
2026-09-05T05:55:52Z,D-AXFB-1K,FD4018,0,2.296,37.66,0.98
2026-09-05T05:55:53Z,D-AXFB-1K,FD4018,1,2.39,36.49,0.99
2026-09-05T05:55:54Z,D-AXFB-1K,FD4018,1,2.466,37.81,1.019
2026-09-05T05:55:55Z,D-AXFB-1K,FD4018,2,2.514,37.49,0.955
2026-09-05T05:55:56Z,D-AXFB-1K,FD4018,0,2.386,37.68,0.922
2026-09-05T05:55:57Z,D-AXFB-1K,FD4018,0,2.491,38.79,0.976
2026-09-05T05:55:58Z,D-AXFB-1K,FD4018,0,2.403,37.52,1.042
2026-09-05T05:55:59Z,D-AXFB-1K,FD4018,0,2.453,37.98,0.925
2026-09-05T05:56:00Z,D-AXFB-1K,FD4018,0,2.493,37.69,0.966
2026-09-05T05:56:01Z,D-AXFB-1K,FD4018,1,2.361,37.62,0.928
2026-09-05T05:56:02Z,D-AXFB-1K,FD4018,2,2.399,37.92,1.058
2026-09-05T05:56:03Z,D-AXFB-1K,FD4018,0,2.416,38.2,0.962
2026-09-05T05:56:04Z,D-AXFB-1K,FD4018,1,2.429,37.45,0.996
2026-09-05T05:56:05Z,D-AXFB-1K,FD4018,2,2.384,38.33,1.029
2026-09-05T05:56:06Z,D-AXFB-1K,FD4018,1,2.288,37.88,0.994
2026-09-05T05:56:07Z,D-AXFB-1K,FD4018,0,2.401,38.54,0.983
2026-09-05T05:56:08Z,D-AXFB-1K,FD4018,1,2.301,38.97,0.983
2026-09-05T05:56:09Z,D-AXFB-1K,FD4018,0,2.333,38.39,1.029
2026-09-05T05:56:10Z,D-AXFB-1K,FD4018,1,2.28,37.9,1.009
2026-09-05T05:56:11Z,D-AXFB-1K,FD4018,2,2.383,38.65,1.002
2026-09-05T05:56:12Z,D-AXFB-1K,FD4018,1,2.496,37.55,0.959
2026-09-05T05:56:13Z,D-AXFB-1K,FD4018,1,2.413,38.68,0.989
2026-09-05T05:56:14Z,D-AXFB-1K,FD4018,0,2.446,37.87,0.987
2026-09-05T05:56:15Z,D-AXFB-1K,FD4018,1,2.345,38.41,0.988
2026-09-05T05:56:16Z,D-AXFB-1K,FD4018,1,2.394,38.0,1.021
2026-09-05T05:56:17Z,D-AXFB-1K,FD4018,0,2.584,37.7,1.065
2026-09-05T05:56:18Z,D-AXFB-1K,FD4018,0,2.547,37.52,0.998
2026-09-05T05:56:19Z,D-AXFB-1K,FD4018,0,2.499,38.23,1.061
2026-09-05T05:56:20Z,D-AXFB-1K,FD4018,42,2.338,38.15,1.0
2026-09-05T05:56:21Z,D-AXFB-1K,FD4018,1,2.404,38.06,1.08
2026-09-05T05:56:22Z,D-AXFB-1K,FD4018,57,2.403,37.83,0.957
2026-09-05T05:56:23Z,D-AXFB-1K,FD4018,0,2.32,38.38,0.966
2026-09-05T05:56:24Z,D-AXFB-1K,FD4018,0,2.42,38.13,0.969
2026-09-05T05:56:25Z,D-AXFB-1K,FD4018,1,2.394,37.76,0.94
2026-09-05T05:56:26Z,D-AXFB-1K,FD4018,0,2.482,38.96,0.976
2026-09-05T05:56:27Z,D-AXFB-1K,FD4018,0,2.291,37.94,0.963
2026-09-05T05:56:28Z,D-AXFB-1K,FD4018,0,2.418,37.93,1.023
2026-09-05T05:56:29Z,D-AXFB-1K,FD4018,1,2.394,37.88,0.988
2026-09-05T05:56:30Z,D-AXFB-1K,FD4018,3,2.47,38.32,0.998
2026-09-05T05:56:31Z,D-AXFB-1K,FD4018,1,2.472,37.9,1.027
2026-09-05T05:56:32Z,D-AXFB-1K,FD4018,1,2.261,38.4,1.042
2026-09-05T05:56:33Z,D-AXFB-1K,FD4018,0,2.337,38.19,0.982
2026-09-05T05:56:34Z,D-AXFB-1K,FD4018,1,2.448,37.79,0.982
2026-09-05T05:56:35Z,D-AXFB-1K,FD4018,30,2.368,38.15,0.962
2026-09-05T05:56:36Z,D-AXFB-1K,FD4018,0,2.349,38.37,0.961
2026-09-05T05:56:37Z,D-AXFB-1K,FD4018,1,2.252,38.2,1.033
2026-09-05T05:56:38Z,D-AXFB-1K,FD4018,0,2.59,37.53,1.006
2026-09-05T05:56:39Z,D-AXFB-1K,FD4018,1,2.488,37.71,1.046
2026-09-05T05:56:40Z,D-AXFB-1K,FD4018,1,2.429,38.21,1.013
2026-09-05T05:56:41Z,D-AXFB-1K,FD4018,1,2.382,38.36,1.033
2026-09-05T05:56:42Z,D-AXFB-1K,FD4018,0,2.485,38.03,1.053
2026-09-05T05:56:43Z,D-AXFB-1K,FD4018,1,2.447,39.0,1.034
2026-09-05T05:56:44Z,D-AXFB-1K,FD4018,0,2.413,38.22,0.985
2026-09-05T05:56:45Z,D-AXFB-1K,FD4018,1,2.451,38.3,0.999
2026-09-05T05:56:46Z,D-AXFB-1K,FD4018,0,2.39,38.82,0.986
2026-09-05T05:56:47Z,D-AXFB-1K,FD4018,1,2.319,37.6,0.961
2026-09-05T05:56:48Z,D-AXFB-1K,FD4018,0,2.452,38.31,1.021
2026-09-05T05:56:49Z,D-AXFB-1K,FD4018,1,2.374,38.58,1.039
2026-09-05T05:56:50Z,D-AXFB-1K,FD4018,0,2.423,38.13,0.995
2026-09-05T05:56:51Z,D-AXFB-1K,FD4018,1,2.624,37.81,0.99
2026-09-05T05:56:52Z,D-AXFB-1K,FD4018,1,2.295,37.85,0.953
2026-09-05T05:56:53Z,D-AXFB-1K,FD4018,1,2.3,37.43,1.001
2026-09-05T05:56:54Z,D-AXFB-1K,FD4018,0,2.369,38.41,1.001
2026-09-05T05:56:55Z,D-AXFB-1K,FD4018,1,2.499,38.11,1.006
2026-09-05T05:56:56Z,D-AXFB-1K,FD4018,1,2.345,37.84,0.968
2026-09-05T05:56:57Z,D-AXFB-1K,FD4018,1,2.302,37.39,0.969
2026-09-05T05:56:58Z,D-AXFB-1K,FD4018,2,2.524,39.0,0.999
2026-09-05T05:56:59Z,D-AXFB-1K,FD4018,1,2.439,38.75,0.993
2026-09-05T05:57:00Z,D-AXFB-1K,FD4018,0,2.419,33.97,0.397
2026-09-05T05:57:01Z,D-AXFB-1K,FD4018,0,2.481,34.74,0.339
2026-09-05T05:57:02Z,D-AXFB-1K,FD4018,0,2.373,34.18,0.39
2026-09-05T05:57:03Z,D-AXFB-1K,FD4018,0,2.308,34.2,0.293
2026-09-05T05:57:04Z,D-AXFB-1K,FD4018,1,2.543,35.43,0.341
2026-09-05T05:57:05Z,D-AXFB-1K,FD4018,0,2.596,33.99,0.361
2026-09-05T05:57:06Z,D-AXFB-1K,FD4018,1,2.523,34.42,0.311
2026-09-05T05:57:07Z,D-AXFB-1K,FD4018,0,2.424,34.89,0.373
2026-09-05T05:57:08Z,D-AXFB-1K,FD4018,1,2.388,33.24,0.339
2026-09-05T05:57:09Z,D-AXFB-1K,FD4018,0,2.382,34.71,0.364
2026-09-05T05:57:10Z,D-AXFB-1K,FD4018,1,2.447,35.25,0.363
2026-09-05T05:57:11Z,D-AXFB-1K,FD4018,1,2.558,33.89,0.371
2026-09-05T05:57:12Z,D-AXFB-1K,FD4018,1,2.488,34.21,0.397
2026-09-05T05:57:13Z,D-AXFB-1K,FD4018,0,2.572,34.0,0.322
2026-09-05T05:57:14Z,D-AXFB-1K,FD4018,0,2.285,34.53,0.338
2026-09-05T05:57:15Z,D-AXFB-1K,FD4018,0,2.308,34.55,0.311
2026-09-05T05:57:16Z,D-AXFB-1K,FD4018,1,2.325,33.74,0.323
2026-09-05T05:57:17Z,D-AXFB-1K,FD4018,1,2.408,34.85,0.328
2026-09-05T05:57:18Z,D-AXFB-1K,FD4018,0,2.479,34.09,0.3
2026-09-05T05:57:19Z,D-AXFB-1K,FD4018,0,2.282,34.31,0.35
2026-09-05T05:57:20Z,D-AXFB-1K,FD4018,0,2.456,34.32,0.38
2026-09-05T05:57:21Z,D-AXFB-1K,FD4018,0,2.264,35.4,0.365
2026-09-05T05:57:22Z,D-AXFB-1K,FD4018,1,2.42,35.06,0.411
2026-09-05T05:57:23Z,D-AXFB-1K,FD4018,1,2.418,35.0,0.379
2026-09-05T05:57:24Z,D-AXFB-1K,FD4018,1,2.434,34.4,0.35
2026-09-05T05:57:25Z,D-AXFB-1K,FD4018,1,2.466,34.51,0.322
2026-09-05T05:57:26Z,D-AXFB-1K,FD4018,0,2.387,34.62,0.33
2026-09-05T05:57:27Z,D-AXFB-1K,FD4018,1,2.316,35.13,0.428
2026-09-05T05:57:28Z,D-AXFB-1K,FD4018,0,2.435,34.43,0.339
2026-09-05T05:57:29Z,D-AXFB-1K,FD4018,0,2.265,34.43,0.406
2026-09-05T05:57:30Z,D-AXFB-1K,FD4018,0,2.424,35.01,0.364
2026-09-05T05:57:31Z,D-AXFB-1K,FD4018,1,2.38,34.13,0.289
2026-09-05T05:57:32Z,D-AXFB-1K,FD4018,0,2.452,34.63,0.335
2026-09-05T05:57:33Z,D-AXFB-1K,FD4018,0,2.307,35.54,0.291
2026-09-05T05:57:34Z,D-AXFB-1K,FD4018,0,2.365,34.73,0.397
2026-09-05T05:57:35Z,D-AXFB-1K,FD4018,0,2.363,34.12,0.424
2026-09-05T05:57:36Z,D-AXFB-1K,FD4018,0,2.289,34.43,0.386
2026-09-05T05:57:37Z,D-AXFB-1K,FD4018,0,2.428,34.33,0.363
2026-09-05T05:57:38Z,D-AXFB-1K,FD4018,0,2.514,35.41,0.386
2026-09-05T05:57:39Z,D-AXFB-1K,FD4018,0,2.498,34.32,0.383
2026-09-05T05:57:40Z,D-AXFB-1K,FD4018,0,2.382,34.0,0.333
2026-09-05T05:57:41Z,D-AXFB-1K,FD4018,0,2.471,34.84,0.33
2026-09-05T05:57:42Z,D-AXFB-1K,FD4018,1,2.351,34.4,0.376
2026-09-05T05:57:43Z,D-AXFB-1K,FD4018,0,2.376,35.11,0.339
2026-09-05T05:57:44Z,D-AXFB-1K,FD4018,0,2.357,34.39,0.33
2026-09-05T05:57:45Z,D-AXFB-1K,FD4018,0,2.352,35.07,0.325
2026-09-05T05:57:46Z,D-AXFB-1K,FD4018,0,2.392,34.23,0.395
2026-09-05T05:57:47Z,D-AXFB-1K,FD4018,0,2.436,34.85,0.372
2026-09-05T05:57:48Z,D-AXFB-1K,FD4018,0,2.423,34.91,0.348
2026-09-05T05:57:49Z,D-AXFB-1K,FD4018,1,2.274,35.4,0.338
2026-09-05T05:57:50Z,D-AXFB-1K,FD4018,1,2.553,33.91,0.334
2026-09-05T05:57:51Z,D-AXFB-1K,FD4018,0,2.414,35.16,0.321
2026-09-05T05:57:52Z,D-AXFB-1K,FD4018,0,2.41,34.84,0.319
2026-09-05T05:57:53Z,D-AXFB-1K,FD4018,0,2.328,34.73,0.368
2026-09-05T05:57:54Z,D-AXFB-1K,FD4018,1,2.229,34.57,0.413
2026-09-05T05:57:55Z,D-AXFB-1K,FD4018,0,2.312,34.83,0.378
2026-09-05T05:57:56Z,D-AXFB-1K,FD4018,0,2.415,34.53,0.319
2026-09-05T05:57:57Z,D-AXFB-1K,FD4018,0,2.478,34.71,0.325
2026-09-05T05:57:58Z,D-AXFB-1K,FD4018,0,2.573,34.74,0.34
2026-09-05T05:57:59Z,D-AXFB-1K,FD4018,0,2.485,34.86,0.391
2026-09-05T05:58:00Z,D-AXFB-1K,FD4018,0,2.503,35.03,0.327
2026-09-05T05:58:01Z,D-AXFB-1K,FD4018,0,2.586,34.8,0.324
2026-09-05T05:58:02Z,D-AXFB-1K,FD4018,1,2.361,35.14,0.304
2026-09-05T05:58:03Z,D-AXFB-1K,FD4018,0,2.548,35.83,0.302
2026-09-05T05:58:04Z,D-AXFB-1K,FD4018,0,2.482,34.73,0.383
2026-09-05T05:58:05Z,D-AXFB-1K,FD4018,0,2.296,34.43,0.344
2026-09-05T05:58:06Z,D-AXFB-1K,FD4018,0,2.426,35.28,0.352
2026-09-05T05:58:07Z,D-AXFB-1K,FD4018,0,2.466,34.62,0.353
2026-09-05T05:58:08Z,D-AXFB-1K,FD4018,0,2.369,35.32,0.322
2026-09-05T05:58:09Z,D-AXFB-1K,FD4018,0,2.474,33.58,0.323
2026-09-05T05:58:10Z,D-AXFB-1K,FD4018,1,2.436,35.1,0.384
2026-09-05T05:58:11Z,D-AXFB-1K,FD4018,0,2.246,35.5,0.31
2026-09-05T05:58:12Z,D-AXFB-1K,FD4018,0,2.398,35.06,0.331
2026-09-05T05:58:13Z,D-AXFB-1K,FD4018,1,2.441,35.24,0.359
2026-09-05T05:58:14Z,D-AXFB-1K,FD4018,0,2.439,34.26,0.36
2026-09-05T05:58:15Z,D-AXFB-1K,FD4018,0,2.373,35.21,0.381
2026-09-05T05:58:16Z,D-AXFB-1K,FD4018,0,2.43,35.13,0.399
2026-09-05T05:58:17Z,D-AXFB-1K,FD4018,0,2.534,34.39,0.259
2026-09-05T05:58:18Z,D-AXFB-1K,FD4018,0,2.333,34.73,0.413
2026-09-05T05:58:19Z,D-AXFB-1K,FD4018,0,2.419,33.88,0.339
2026-09-05T05:58:20Z,D-AXFB-1K,FD4018,0,2.27,34.39,0.339
2026-09-05T05:58:21Z,D-AXFB-1K,FD4018,0,2.311,34.27,0.35
2026-09-05T05:58:22Z,D-AXFB-1K,FD4018,0,2.376,34.89,0.386
2026-09-05T05:58:23Z,D-AXFB-1K,FD4018,1,2.389,34.73,0.39
2026-09-05T05:58:24Z,D-AXFB-1K,FD4018,1,2.536,34.78,0.381
2026-09-05T05:58:25Z,D-AXFB-1K,FD4018,1,2.367,34.84,0.359
2026-09-05T05:58:26Z,D-AXFB-1K,FD4018,0,2.347,34.53,0.345
2026-09-05T05:58:27Z,D-AXFB-1K,FD4018,1,2.382,34.97,0.391
2026-09-05T05:58:28Z,D-AXFB-1K,FD4018,0,2.268,35.13,0.363
2026-09-05T05:58:29Z,D-AXFB-1K,FD4018,0,2.336,34.48,0.232
2026-09-05T05:58:30Z,D-AXFB-1K,FD4018,1,2.416,35.4,0.353
2026-09-05T05:58:31Z,D-AXFB-1K,FD4018,0,2.483,35.01,0.358
2026-09-05T05:58:32Z,D-AXFB-1K,FD4018,0,2.284,34.41,0.289
2026-09-05T05:58:33Z,D-AXFB-1K,FD4018,0,2.27,34.38,0.397
2026-09-05T05:58:34Z,D-AXFB-1K,FD4018,2,2.337,34.88,0.398
2026-09-05T05:58:35Z,D-AXFB-1K,FD4018,0,2.404,34.5,0.393
2026-09-05T05:58:36Z,D-AXFB-1K,FD4018,0,2.403,35.38,0.287
2026-09-05T05:58:37Z,D-AXFB-1K,FD4018,0,2.195,34.49,0.352
2026-09-05T05:58:38Z,D-AXFB-1K,FD4018,1,2.342,34.33,0.306
2026-09-05T05:58:39Z,D-AXFB-1K,FD4018,1,2.483,35.68,0.357
2026-09-05T05:58:40Z,D-AXFB-1K,FD4018,0,2.416,35.14,0.388
2026-09-05T05:58:41Z,D-AXFB-1K,FD4018,0,2.475,34.81,0.383
2026-09-05T05:58:42Z,D-AXFB-1K,FD4018,1,2.284,34.49,0.314
2026-09-05T05:58:43Z,D-AXFB-1K,FD4018,0,2.353,35.19,0.379
2026-09-05T05:58:44Z,D-AXFB-1K,FD4018,1,2.332,34.89,0.354
2026-09-05T05:58:45Z,D-AXFB-1K,FD4018,0,2.279,34.61,0.389
2026-09-05T05:58:46Z,D-AXFB-1K,FD4018,0,2.49,35.4,0.294
2026-09-05T05:58:47Z,D-AXFB-1K,FD4018,0,2.225,34.85,0.338
2026-09-05T05:58:48Z,D-AXFB-1K,FD4018,0,2.448,35.44,0.308
2026-09-05T05:58:49Z,D-AXFB-1K,FD4018,0,2.377,34.51,0.369
2026-09-05T05:58:50Z,D-AXFB-1K,FD4018,0,2.244,35.1,0.284
2026-09-05T05:58:51Z,D-AXFB-1K,FD4018,1,2.308,34.4,0.428
2026-09-05T05:58:52Z,D-AXFB-1K,FD4018,0,2.44,34.36,0.301
2026-09-05T05:58:53Z,D-AXFB-1K,FD4018,1,2.463,35.13,0.324
2026-09-05T05:58:54Z,D-AXFB-1K,FD4018,0,2.375,36.47,0.348
2026-09-05T05:58:55Z,D-AXFB-1K,FD4018,0,2.397,35.2,0.346
2026-09-05T05:58:56Z,D-AXFB-1K,FD4018,2,2.327,35.16,0.429
2026-09-05T05:58:57Z,D-AXFB-1K,FD4018,0,2.565,34.79,0.297
2026-09-05T05:58:58Z,D-AXFB-1K,FD4018,0,2.322,34.97,0.318
2026-09-05T05:58:59Z,D-AXFB-1K,FD4018,0,2.472,33.99,0.322
2026-09-05T05:59:00Z,D-AXFB-1K,FD4018,1,2.401,35.96,0.304
2026-09-05T05:59:01Z,D-AXFB-1K,FD4018,0,2.344,34.51,0.375
2026-09-05T05:59:02Z,D-AXFB-1K,FD4018,0,2.56,34.45,0.333
2026-09-05T05:59:03Z,D-AXFB-1K,FD4018,1,2.52,34.71,0.314
2026-09-05T05:59:04Z,D-AXFB-1K,FD4018,0,2.414,34.63,0.449
2026-09-05T05:59:05Z,D-AXFB-1K,FD4018,0,2.446,34.51,0.301
2026-09-05T05:59:06Z,D-AXFB-1K,FD4018,0,2.418,34.48,0.284
2026-09-05T05:59:07Z,D-AXFB-1K,FD4018,0,2.32,34.59,0.398
2026-09-05T05:59:08Z,D-AXFB-1K,FD4018,0,2.206,33.79,0.391
2026-09-05T05:59:09Z,D-AXFB-1K,FD4018,0,2.416,35.05,0.319
2026-09-05T05:59:10Z,D-AXFB-1K,FD4018,1,2.307,34.15,0.342
2026-09-05T05:59:11Z,D-AXFB-1K,FD4018,1,2.464,35.99,0.321
2026-09-05T05:59:12Z,D-AXFB-1K,FD4018,0,2.372,34.44,0.392
2026-09-05T05:59:13Z,D-AXFB-1K,FD4018,0,2.321,34.29,0.3
2026-09-05T05:59:14Z,D-AXFB-1K,FD4018,0,2.456,34.41,0.377
2026-09-05T05:59:15Z,D-AXFB-1K,FD4018,0,2.502,34.59,0.422
2026-09-05T05:59:16Z,D-AXFB-1K,FD4018,1,2.425,35.39,0.296
2026-09-05T05:59:17Z,D-AXFB-1K,FD4018,0,2.51,34.33,0.381
2026-09-05T05:59:18Z,D-AXFB-1K,FD4018,1,2.463,35.58,0.395
2026-09-05T05:59:19Z,D-AXFB-1K,FD4018,0,2.47,34.28,0.385
2026-09-05T05:59:20Z,D-AXFB-1K,FD4018,0,2.456,34.81,0.311
2026-09-05T05:59:21Z,D-AXFB-1K,FD4018,0,2.469,34.97,0.285
2026-09-05T05:59:22Z,D-AXFB-1K,FD4018,0,2.512,34.23,0.33
2026-09-05T05:59:23Z,D-AXFB-1K,FD4018,2,2.482,35.02,0.267
2026-09-05T05:59:24Z,D-AXFB-1K,FD4018,0,2.365,34.21,0.352
2026-09-05T05:59:25Z,D-AXFB-1K,FD4018,0,2.371,34.73,0.36
2026-09-05T05:59:26Z,D-AXFB-1K,FD4018,0,2.29,34.88,0.329
2026-09-05T05:59:27Z,D-AXFB-1K,FD4018,0,2.293,35.05,0.282
2026-09-05T05:59:28Z,D-AXFB-1K,FD4018,0,2.367,34.51,0.402
2026-09-05T05:59:29Z,D-AXFB-1K,FD4018,0,2.432,34.99,0.371
2026-09-05T05:59:30Z,D-AXFB-1K,FD4018,0,2.417,34.74,0.322
2026-09-05T05:59:31Z,D-AXFB-1K,FD4018,0,2.295,34.63,0.33
2026-09-05T05:59:32Z,D-AXFB-1K,FD4018,1,2.476,34.64,0.319
2026-09-05T05:59:33Z,D-AXFB-1K,FD4018,0,2.256,35.05,0.407
2026-09-05T05:59:34Z,D-AXFB-1K,FD4018,1,2.442,34.37,0.384
2026-09-05T05:59:35Z,D-AXFB-1K,FD4018,0,2.387,34.93,0.356
2026-09-05T05:59:36Z,D-AXFB-1K,FD4018,0,2.245,35.05,0.31
2026-09-05T05:59:37Z,D-AXFB-1K,FD4018,0,2.384,35.02,0.388
2026-09-05T05:59:38Z,D-AXFB-1K,FD4018,0,2.433,34.65,0.368
2026-09-05T05:59:39Z,D-AXFB-1K,FD4018,1,2.447,34.15,0.373
2026-09-05T05:59:40Z,D-AXFB-1K,FD4018,1,2.434,34.59,0.367
2026-09-05T05:59:41Z,D-AXFB-1K,FD4018,1,2.535,34.82,0.334
2026-09-05T05:59:42Z,D-AXFB-1K,FD4018,0,2.451,34.47,0.265
2026-09-05T05:59:43Z,D-AXFB-1K,FD4018,1,2.55,35.33,0.311
2026-09-05T05:59:44Z,D-AXFB-1K,FD4018,1,2.452,35.28,0.334
2026-09-05T05:59:45Z,D-AXFB-1K,FD4018,0,2.422,35.06,0.355
2026-09-05T05:59:46Z,D-AXFB-1K,FD4018,1,2.43,35.42,0.338
2026-09-05T05:59:47Z,D-AXFB-1K,FD4018,0,2.266,34.32,0.426
2026-09-05T05:59:48Z,D-AXFB-1K,FD4018,0,2.454,33.7,0.341
2026-09-05T05:59:49Z,D-AXFB-1K,FD4018,0,2.48,35.05,0.398
2026-09-05T05:59:50Z,D-AXFB-1K,FD4018,0,2.537,35.21,0.342
2026-09-05T05:59:51Z,D-AXFB-1K,FD4018,0,2.356,34.4,0.371
2026-09-05T05:59:52Z,D-AXFB-1K,FD4018,0,2.309,34.25,0.337
2026-09-05T05:59:53Z,D-AXFB-1K,FD4018,0,2.463,35.15,0.391
2026-09-05T05:59:54Z,D-AXFB-1K,FD4018,0,2.308,35.36,0.312
2026-09-05T05:59:55Z,D-AXFB-1K,FD4018,1,2.67,34.75,0.35
2026-09-05T05:59:56Z,D-AXFB-1K,FD4018,0,2.348,34.93,0.424
2026-09-05T05:59:57Z,D-AXFB-1K,FD4018,1,2.407,33.32,0.437
2026-09-05T05:59:58Z,D-AXFB-1K,FD4018,0,2.27,34.31,0.362
2026-09-05T05:59:59Z,D-AXFB-1K,FD4018,0,2.575,34.71,0.361
2026-09-05T06:00:00Z,D-AXFB-1K,FD4018,0,2.358,34.38,0.38
2026-09-05T06:00:01Z,D-AXFB-1K,FD4018,1,2.375,34.16,0.231
2026-09-05T06:00:02Z,D-AXFB-1K,FD4018,0,2.388,34.58,0.354
2026-09-05T06:00:03Z,D-AXFB-1K,FD4018,0,2.326,34.86,0.383
2026-09-05T06:00:04Z,D-AXFB-1K,FD4018,0,2.35,34.75,0.366
2026-09-05T06:00:05Z,D-AXFB-1K,FD4018,0,2.534,34.33,0.344
2026-09-05T06:00:06Z,D-AXFB-1K,FD4018,0,2.352,35.04,0.31
2026-09-05T06:00:07Z,D-AXFB-1K,FD4018,0,2.405,35.51,0.346
2026-09-05T06:00:08Z,D-AXFB-1K,FD4018,0,2.421,34.06,0.398
2026-09-05T06:00:09Z,D-AXFB-1K,FD4018,1,2.454,34.88,0.344
2026-09-05T06:00:10Z,D-AXFB-1K,FD4018,0,2.544,34.25,0.3
2026-09-05T06:00:11Z,D-AXFB-1K,FD4018,0,2.404,34.94,0.261
2026-09-05T06:00:12Z,D-AXFB-1K,FD4018,0,2.617,35.19,0.332
2026-09-05T06:00:13Z,D-AXFB-1K,FD4018,0,2.379,35.37,0.305
2026-09-05T06:00:14Z,D-AXFB-1K,FD4018,0,2.356,34.74,0.429
2026-09-05T06:00:15Z,D-AXFB-1K,FD4018,0,2.372,34.98,0.382
2026-09-05T06:00:16Z,D-AXFB-1K,FD4018,0,2.387,34.57,0.391
2026-09-05T06:00:17Z,D-AXFB-1K,FD4018,1,2.44,35.13,0.358
2026-09-05T06:00:18Z,D-AXFB-1K,FD4018,0,2.538,34.84,0.383
2026-09-05T06:00:19Z,D-AXFB-1K,FD4018,0,2.309,34.67,0.345
2026-09-05T06:00:20Z,D-AXFB-1K,FD4018,1,2.264,35.62,0.358
2026-09-05T06:00:21Z,D-AXFB-1K,FD4018,0,2.346,34.6,0.274
2026-09-05T06:00:22Z,D-AXFB-1K,FD4018,1,2.436,33.84,0.342
2026-09-05T06:00:23Z,D-AXFB-1K,FD4018,0,2.422,34.06,0.339
2026-09-05T06:00:24Z,D-AXFB-1K,FD4018,0,2.365,34.26,0.354
2026-09-05T06:00:25Z,D-AXFB-1K,FD4018,1,2.337,35.11,0.315
2026-09-05T06:00:26Z,D-AXFB-1K,FD4018,0,2.455,35.8,0.387
2026-09-05T06:00:27Z,D-AXFB-1K,FD4018,0,2.414,34.41,0.334
2026-09-05T06:00:28Z,D-AXFB-1K,FD4018,0,2.451,34.64,0.347
2026-09-05T06:00:29Z,D-AXFB-1K,FD4018,0,2.427,34.66,0.352
2026-09-05T06:00:30Z,D-AXFB-1K,FD4018,0,2.407,35.67,0.339
2026-09-05T06:00:31Z,D-AXFB-1K,FD4018,0,2.329,34.8,0.363
2026-09-05T06:00:32Z,D-AXFB-1K,FD4018,1,2.249,34.48,0.39
2026-09-05T06:00:33Z,D-AXFB-1K,FD4018,1,2.252,34.4,0.324
2026-09-05T06:00:34Z,D-AXFB-1K,FD4018,0,2.329,34.14,0.362
2026-09-05T06:00:35Z,D-AXFB-1K,FD4018,0,2.526,34.74,0.368
2026-09-05T06:00:36Z,D-AXFB-1K,FD4018,0,2.414,35.41,0.394
2026-09-05T06:00:37Z,D-AXFB-1K,FD4018,0,2.389,33.74,0.298
2026-09-05T06:00:38Z,D-AXFB-1K,FD4018,0,2.38,34.35,0.361
2026-09-05T06:00:39Z,D-AXFB-1K,FD4018,0,2.56,35.31,0.338
2026-09-05T06:00:40Z,D-AXFB-1K,FD4018,0,2.433,34.87,0.382
2026-09-05T06:00:41Z,D-AXFB-1K,FD4018,0,2.469,35.35,0.341
2026-09-05T06:00:42Z,D-AXFB-1K,FD4018,0,2.202,35.07,0.343
2026-09-05T06:00:43Z,D-AXFB-1K,FD4018,1,2.44,35.09,0.337
2026-09-05T06:00:44Z,D-AXFB-1K,FD4018,1,2.328,35.22,0.352
2026-09-05T06:00:45Z,D-AXFB-1K,FD4018,1,2.451,34.05,0.402
2026-09-05T06:00:46Z,D-AXFB-1K,FD4018,1,2.473,34.67,0.471
2026-09-05T06:00:47Z,D-AXFB-1K,FD4018,0,2.371,34.16,0.457
2026-09-05T06:00:48Z,D-AXFB-1K,FD4018,0,2.39,34.06,0.412
2026-09-05T06:00:49Z,D-AXFB-1K,FD4018,1,2.452,34.62,0.346
2026-09-05T06:00:50Z,D-AXFB-1K,FD4018,0,2.432,35.4,0.358
2026-09-05T06:00:51Z,D-AXFB-1K,FD4018,0,2.432,35.01,0.425
2026-09-05T06:00:52Z,D-AXFB-1K,FD4018,0,2.396,35.1,0.4
2026-09-05T06:00:53Z,D-AXFB-1K,FD4018,0,2.472,33.84,0.362
2026-09-05T06:00:54Z,D-AXFB-1K,FD4018,1,2.445,34.78,0.33
2026-09-05T06:00:55Z,D-AXFB-1K,FD4018,1,2.353,34.59,0.331
2026-09-05T06:00:56Z,D-AXFB-1K,FD4018,0,2.507,33.98,0.403
2026-09-05T06:00:57Z,D-AXFB-1K,FD4018,0,2.276,34.62,0.286
2026-09-05T06:00:58Z,D-AXFB-1K,FD4018,2,2.337,34.9,0.347
2026-09-05T06:00:59Z,D-AXFB-1K,FD4018,0,2.495,34.88,0.269
2026-09-05T06:01:00Z,D-AXFB-1K,FD4018,0,2.317,38.68,0.954
2026-09-05T06:01:01Z,D-AXFB-1K,FD4018,0,2.369,38.09,0.995
2026-09-05T06:01:02Z,D-AXFB-1K,FD4018,0,2.365,38.2,0.993
2026-09-05T06:01:03Z,D-AXFB-1K,FD4018,0,2.278,38.7,1.048
2026-09-05T06:01:04Z,D-AXFB-1K,FD4018,1,2.471,37.97,0.94
2026-09-05T06:01:05Z,D-AXFB-1K,FD4018,0,2.386,38.76,0.939
2026-09-05T06:01:06Z,D-AXFB-1K,FD4018,1,2.404,38.74,0.911
2026-09-05T06:01:07Z,D-AXFB-1K,FD4018,1,2.42,38.1,1.002
2026-09-05T06:01:08Z,D-AXFB-1K,FD4018,1,2.524,37.32,1.016
2026-09-05T06:01:09Z,D-AXFB-1K,FD4018,1,2.55,37.85,1.04
2026-09-05T06:01:10Z,D-AXFB-1K,FD4018,51,2.566,37.79,0.983
2026-09-05T06:01:11Z,D-AXFB-1K,FD4018,0,2.452,37.91,0.975
2026-09-05T06:01:12Z,D-AXFB-1K,FD4018,1,2.365,37.09,0.947
2026-09-05T06:01:13Z,D-AXFB-1K,FD4018,0,2.205,38.9,1.006
2026-09-05T06:01:14Z,D-AXFB-1K,FD4018,0,2.459,38.27,0.966
2026-09-05T06:01:15Z,D-AXFB-1K,FD4018,1,2.433,38.02,1.045
2026-09-05T06:01:16Z,D-AXFB-1K,FD4018,1,2.412,37.76,0.986
2026-09-05T06:01:17Z,D-AXFB-1K,FD4018,0,2.424,38.31,1.044
2026-09-05T06:01:18Z,D-AXFB-1K,FD4018,1,2.466,39.15,1.086
2026-09-05T06:01:19Z,D-AXFB-1K,FD4018,1,2.291,37.18,0.989
2026-09-05T06:01:20Z,D-AXFB-1K,FD4018,1,2.488,37.29,0.968
2026-09-05T06:01:21Z,D-AXFB-1K,FD4018,24,2.428,38.33,0.984
2026-09-05T06:01:22Z,D-AXFB-1K,FD4018,0,2.283,38.71,0.963
2026-09-05T06:01:23Z,D-AXFB-1K,FD4018,1,2.226,39.08,0.991
2026-09-05T06:01:24Z,D-AXFB-1K,FD4018,0,2.471,37.78,1.025
2026-09-05T06:01:25Z,D-AXFB-1K,FD4018,1,2.293,38.52,1.009
2026-09-05T06:01:26Z,D-AXFB-1K,FD4018,0,2.249,37.7,1.016
2026-09-05T06:01:27Z,D-AXFB-1K,FD4018,0,2.395,38.96,1.002
2026-09-05T06:01:28Z,D-AXFB-1K,FD4018,1,2.393,39.04,0.961
2026-09-05T06:01:29Z,D-AXFB-1K,FD4018,0,2.593,38.06,1.021
2026-09-05T06:01:30Z,D-AXFB-1K,FD4018,22,2.289,38.36,0.974
2026-09-05T06:01:31Z,D-AXFB-1K,FD4018,1,2.326,37.91,1.012
2026-09-05T06:01:32Z,D-AXFB-1K,FD4018,0,2.352,38.45,1.006
2026-09-05T06:01:33Z,D-AXFB-1K,FD4018,1,2.444,37.88,1.027
2026-09-05T06:01:34Z,D-AXFB-1K,FD4018,1,2.311,38.49,1.001
2026-09-05T06:01:35Z,D-AXFB-1K,FD4018,0,2.457,38.09,0.949
2026-09-05T06:01:36Z,D-AXFB-1K,FD4018,0,2.328,37.93,0.992
2026-09-05T06:01:37Z,D-AXFB-1K,FD4018,1,2.614,38.63,1.0
2026-09-05T06:01:38Z,D-AXFB-1K,FD4018,0,2.435,37.67,1.032
2026-09-05T06:01:39Z,D-AXFB-1K,FD4018,1,2.226,37.97,0.963
2026-09-05T06:01:40Z,D-AXFB-1K,FD4018,1,2.288,38.23,1.046
2026-09-05T06:01:41Z,D-AXFB-1K,FD4018,0,2.22,36.98,1.042
2026-09-05T06:01:42Z,D-AXFB-1K,FD4018,1,2.548,38.46,0.998
2026-09-05T06:01:43Z,D-AXFB-1K,FD4018,1,2.567,38.34,1.033
2026-09-05T06:01:44Z,D-AXFB-1K,FD4018,2,2.469,37.48,1.014
2026-09-05T06:01:45Z,D-AXFB-1K,FD4018,1,2.608,37.82,1.051
2026-09-05T06:01:46Z,D-AXFB-1K,FD4018,0,2.458,38.26,0.971
2026-09-05T06:01:47Z,D-AXFB-1K,FD4018,0,2.266,37.85,0.986
2026-09-05T06:01:48Z,D-AXFB-1K,FD4018,1,2.219,37.47,0.949
2026-09-05T06:01:49Z,D-AXFB-1K,FD4018,35,2.443,38.29,0.955
2026-09-05T06:01:50Z,D-AXFB-1K,FD4018,1,2.398,38.06,0.947
2026-09-05T06:01:51Z,D-AXFB-1K,FD4018,63,2.292,39.06,0.948
2026-09-05T06:01:52Z,D-AXFB-1K,FD4018,2,2.316,37.55,0.977
2026-09-05T06:01:53Z,D-AXFB-1K,FD4018,1,2.531,38.72,1.008
2026-09-05T06:01:54Z,D-AXFB-1K,FD4018,48,2.284,37.87,1.036
2026-09-05T06:01:55Z,D-AXFB-1K,FD4018,1,2.431,38.19,0.97
2026-09-05T06:01:56Z,D-AXFB-1K,FD4018,0,2.531,38.3,1.005
2026-09-05T06:01:57Z,D-AXFB-1K,FD4018,65,2.321,37.8,0.92
2026-09-05T06:01:58Z,D-AXFB-1K,FD4018,63,2.329,38.11,1.035
2026-09-05T06:01:59Z,D-AXFB-1K,FD4018,1,2.385,38.09,1.003
2026-09-05T06:02:00Z,D-AXFB-1K,FD4018,1,2.32,37.74,1.009
2026-09-05T06:02:01Z,D-AXFB-1K,FD4018,0,2.439,37.67,0.984
2026-09-05T06:02:02Z,D-AXFB-1K,FD4018,0,2.322,37.98,1.077
2026-09-05T06:02:03Z,D-AXFB-1K,FD4018,0,2.29,37.41,0.977
2026-09-05T06:02:04Z,D-AXFB-1K,FD4018,1,2.429,38.01,1.036
2026-09-05T06:02:05Z,D-AXFB-1K,FD4018,1,2.488,37.97,1.017
2026-09-05T06:02:06Z,D-AXFB-1K,FD4018,0,2.264,38.46,1.016
2026-09-05T06:02:07Z,D-AXFB-1K,FD4018,0,2.562,37.43,0.987
2026-09-05T06:02:08Z,D-AXFB-1K,FD4018,1,2.581,37.62,0.987
2026-09-05T06:02:09Z,D-AXFB-1K,FD4018,1,2.33,38.17,0.991
2026-09-05T06:02:10Z,D-AXFB-1K,FD4018,1,2.338,38.45,1.019
2026-09-05T06:02:11Z,D-AXFB-1K,FD4018,1,2.464,38.09,0.963
2026-09-05T06:02:12Z,D-AXFB-1K,FD4018,0,2.295,38.31,1.018
2026-09-05T06:02:13Z,D-AXFB-1K,FD4018,1,2.443,37.63,0.986
2026-09-05T06:02:14Z,D-AXFB-1K,FD4018,0,2.397,37.26,0.975
2026-09-05T06:02:15Z,D-AXFB-1K,FD4018,1,2.355,37.88,0.977
2026-09-05T06:02:16Z,D-AXFB-1K,FD4018,30,2.515,37.55,1.001
2026-09-05T06:02:17Z,D-AXFB-1K,FD4018,0,2.429,36.19,1.056
2026-09-05T06:02:18Z,D-AXFB-1K,FD4018,1,2.48,37.34,1.021
2026-09-05T06:02:19Z,D-AXFB-1K,FD4018,1,2.385,37.57,0.96
2026-09-05T06:02:20Z,D-AXFB-1K,FD4018,1,2.294,38.25,0.958
2026-09-05T06:02:21Z,D-AXFB-1K,FD4018,2,2.464,37.42,0.983
2026-09-05T06:02:22Z,D-AXFB-1K,FD4018,0,2.527,38.24,0.891
2026-09-05T06:02:23Z,D-AXFB-1K,FD4018,0,2.428,38.3,1.049
2026-09-05T06:02:24Z,D-AXFB-1K,FD4018,47,2.344,37.82,1.014
2026-09-05T06:02:25Z,D-AXFB-1K,FD4018,0,2.472,38.62,1.06
2026-09-05T06:02:26Z,D-AXFB-1K,FD4018,0,2.324,38.2,0.968
2026-09-05T06:02:27Z,D-AXFB-1K,FD4018,0,2.391,37.73,1.068
2026-09-05T06:02:28Z,D-AXFB-1K,FD4018,1,2.557,37.41,0.99
2026-09-05T06:02:29Z,D-AXFB-1K,FD4018,0,2.414,38.55,0.988
2026-09-05T06:02:30Z,D-AXFB-1K,FD4018,1,2.431,38.54,0.968
2026-09-05T06:02:31Z,D-AXFB-1K,FD4018,47,2.416,38.57,1.035
2026-09-05T06:02:32Z,D-AXFB-1K,FD4018,0,2.333,37.68,1.01
2026-09-05T06:02:33Z,D-AXFB-1K,FD4018,1,2.348,37.84,1.011
2026-09-05T06:02:34Z,D-AXFB-1K,FD4018,1,2.186,38.47,1.024
2026-09-05T06:02:35Z,D-AXFB-1K,FD4018,48,2.307,37.17,0.996
2026-09-05T06:02:36Z,D-AXFB-1K,FD4018,1,2.409,38.18,0.966
2026-09-05T06:02:37Z,D-AXFB-1K,FD4018,1,2.326,37.48,1.085
2026-09-05T06:02:38Z,D-AXFB-1K,FD4018,1,2.525,36.93,0.951
2026-09-05T06:02:39Z,D-AXFB-1K,FD4018,29,2.595,38.71,1.008
2026-09-05T06:02:40Z,D-AXFB-1K,FD4018,0,2.375,38.35,0.965
2026-09-05T06:02:41Z,D-AXFB-1K,FD4018,1,2.459,37.78,0.915
2026-09-05T06:02:42Z,D-AXFB-1K,FD4018,0,2.59,38.45,1.065
2026-09-05T06:02:43Z,D-AXFB-1K,FD4018,0,2.47,37.99,0.949
2026-09-05T06:02:44Z,D-AXFB-1K,FD4018,0,2.482,37.99,1.009
2026-09-05T06:02:45Z,D-AXFB-1K,FD4018,0,2.33,38.31,1.017
2026-09-05T06:02:46Z,D-AXFB-1K,FD4018,69,2.418,37.35,0.998
2026-09-05T06:02:47Z,D-AXFB-1K,FD4018,0,2.38,38.21,0.971
2026-09-05T06:02:48Z,D-AXFB-1K,FD4018,2,2.366,37.84,1.089
2026-09-05T06:02:49Z,D-AXFB-1K,FD4018,0,2.431,38.84,1.016
2026-09-05T06:02:50Z,D-AXFB-1K,FD4018,1,2.336,38.55,0.979
2026-09-05T06:02:51Z,D-AXFB-1K,FD4018,0,2.388,38.23,1.037
2026-09-05T06:02:52Z,D-AXFB-1K,FD4018,1,2.29,38.05,1.008
2026-09-05T06:02:53Z,D-AXFB-1K,FD4018,0,2.261,37.7,1.069
2026-09-05T06:02:54Z,D-AXFB-1K,FD4018,1,2.478,38.19,1.033
2026-09-05T06:02:55Z,D-AXFB-1K,FD4018,0,2.328,37.48,1.022
2026-09-05T06:02:56Z,D-AXFB-1K,FD4018,1,2.38,38.27,0.996
2026-09-05T06:02:57Z,D-AXFB-1K,FD4018,0,2.459,36.99,0.984
2026-09-05T06:02:58Z,D-AXFB-1K,FD4018,0,2.414,37.6,1.009
2026-09-05T06:02:59Z,D-AXFB-1K,FD4018,1,2.37,37.97,0.924
2026-09-05T06:03:00Z,D-AXFB-1K,FD4018,0,2.237,34.77,0.414
2026-09-05T06:03:01Z,D-AXFB-1K,FD4018,1,2.411,34.44,0.336
2026-09-05T06:03:02Z,D-AXFB-1K,FD4018,0,2.258,34.24,0.333
2026-09-05T06:03:03Z,D-AXFB-1K,FD4018,1,2.304,35.13,0.34
2026-09-05T06:03:04Z,D-AXFB-1K,FD4018,0,2.463,34.34,0.341
2026-09-05T06:03:05Z,D-AXFB-1K,FD4018,0,2.439,34.63,0.282
2026-09-05T06:03:06Z,D-AXFB-1K,FD4018,0,2.313,35.36,0.338
2026-09-05T06:03:07Z,D-AXFB-1K,FD4018,2,2.534,34.06,0.402
2026-09-05T06:03:08Z,D-AXFB-1K,FD4018,1,2.272,34.64,0.363
2026-09-05T06:03:09Z,D-AXFB-1K,FD4018,0,2.449,35.21,0.297
2026-09-05T06:03:10Z,D-AXFB-1K,FD4018,1,2.383,34.71,0.344
2026-09-05T06:03:11Z,D-AXFB-1K,FD4018,0,2.259,35.22,0.373
2026-09-05T06:03:12Z,D-AXFB-1K,FD4018,1,2.538,35.76,0.397
2026-09-05T06:03:13Z,D-AXFB-1K,FD4018,0,2.403,34.27,0.328
2026-09-05T06:03:14Z,D-AXFB-1K,FD4018,0,2.408,34.88,0.421
2026-09-05T06:03:15Z,D-AXFB-1K,FD4018,0,2.313,35.18,0.389
2026-09-05T06:03:16Z,D-AXFB-1K,FD4018,0,2.399,35.36,0.359
2026-09-05T06:03:17Z,D-AXFB-1K,FD4018,0,2.373,34.69,0.415
2026-09-05T06:03:18Z,D-AXFB-1K,FD4018,0,2.474,33.67,0.404
2026-09-05T06:03:19Z,D-AXFB-1K,FD4018,0,2.304,35.7,0.329
2026-09-05T06:03:20Z,D-AXFB-1K,FD4018,1,2.529,35.62,0.283
2026-09-05T06:03:21Z,D-AXFB-1K,FD4018,1,2.461,34.68,0.384
2026-09-05T06:03:22Z,D-AXFB-1K,FD4018,0,2.378,35.53,0.33
2026-09-05T06:03:23Z,D-AXFB-1K,FD4018,0,2.58,35.4,0.392
2026-09-05T06:03:24Z,D-AXFB-1K,FD4018,0,2.425,34.03,0.342
2026-09-05T06:03:25Z,D-AXFB-1K,FD4018,1,2.197,34.82,0.35
2026-09-05T06:03:26Z,D-AXFB-1K,FD4018,0,2.469,33.63,0.4
2026-09-05T06:03:27Z,D-AXFB-1K,FD4018,1,2.48,35.12,0.321
2026-09-05T06:03:28Z,D-AXFB-1K,FD4018,0,2.31,34.21,0.421
2026-09-05T06:03:29Z,D-AXFB-1K,FD4018,0,2.487,34.39,0.388
2026-09-05T06:03:30Z,D-AXFB-1K,FD4018,0,2.4,34.3,0.338
2026-09-05T06:03:31Z,D-AXFB-1K,FD4018,0,2.342,34.05,0.332
2026-09-05T06:03:32Z,D-AXFB-1K,FD4018,0,2.415,35.18,0.314
2026-09-05T06:03:33Z,D-AXFB-1K,FD4018,0,2.318,34.98,0.375
2026-09-05T06:03:34Z,D-AXFB-1K,FD4018,0,2.507,35.44,0.389
2026-09-05T06:03:35Z,D-AXFB-1K,FD4018,1,2.263,35.36,0.303
2026-09-05T06:03:36Z,D-AXFB-1K,FD4018,1,2.494,33.43,0.319
2026-09-05T06:03:37Z,D-AXFB-1K,FD4018,0,2.315,33.99,0.428
2026-09-05T06:03:38Z,D-AXFB-1K,FD4018,0,2.518,34.51,0.33
2026-09-05T06:03:39Z,D-AXFB-1K,FD4018,0,2.429,34.88,0.347
2026-09-05T06:03:40Z,D-AXFB-1K,FD4018,0,2.464,35.37,0.286
2026-09-05T06:03:41Z,D-AXFB-1K,FD4018,0,2.433,34.66,0.391
2026-09-05T06:03:42Z,D-AXFB-1K,FD4018,0,2.348,34.16,0.36
2026-09-05T06:03:43Z,D-AXFB-1K,FD4018,0,2.35,35.06,0.408
2026-09-05T06:03:44Z,D-AXFB-1K,FD4018,0,2.358,35.03,0.34
2026-09-05T06:03:45Z,D-AXFB-1K,FD4018,1,2.425,33.72,0.33
2026-09-05T06:03:46Z,D-AXFB-1K,FD4018,1,2.417,35.77,0.353
2026-09-05T06:03:47Z,D-AXFB-1K,FD4018,1,2.379,34.58,0.382
2026-09-05T06:03:48Z,D-AXFB-1K,FD4018,0,2.427,34.62,0.354
2026-09-05T06:03:49Z,D-AXFB-1K,FD4018,0,2.216,34.85,0.346
2026-09-05T06:03:50Z,D-AXFB-1K,FD4018,0,2.246,33.74,0.308
2026-09-05T06:03:51Z,D-AXFB-1K,FD4018,0,2.357,35.12,0.385
2026-09-05T06:03:52Z,D-AXFB-1K,FD4018,0,2.507,34.93,0.361
2026-09-05T06:03:53Z,D-AXFB-1K,FD4018,1,2.266,35.16,0.326
2026-09-05T06:03:54Z,D-AXFB-1K,FD4018,0,2.462,35.11,0.318
2026-09-05T06:03:55Z,D-AXFB-1K,FD4018,1,2.408,34.97,0.356
2026-09-05T06:03:56Z,D-AXFB-1K,FD4018,1,2.288,34.89,0.37
2026-09-05T06:03:57Z,D-AXFB-1K,FD4018,1,2.387,34.93,0.412
2026-09-05T06:03:58Z,D-AXFB-1K,FD4018,0,2.435,34.08,0.292
2026-09-05T06:03:59Z,D-AXFB-1K,FD4018,0,2.195,34.68,0.337
2026-09-05T06:04:00Z,D-AXFB-1K,FD4018,0,2.538,34.92,0.356
2026-09-05T06:04:01Z,D-AXFB-1K,FD4018,0,2.345,35.22,0.337
2026-09-05T06:04:02Z,D-AXFB-1K,FD4018,0,2.337,34.57,0.333
2026-09-05T06:04:03Z,D-AXFB-1K,FD4018,1,2.244,35.3,0.258
2026-09-05T06:04:04Z,D-AXFB-1K,FD4018,1,2.29,34.18,0.314
2026-09-05T06:04:05Z,D-AXFB-1K,FD4018,0,2.309,34.47,0.319
2026-09-05T06:04:06Z,D-AXFB-1K,FD4018,0,2.245,34.11,0.343
2026-09-05T06:04:07Z,D-AXFB-1K,FD4018,0,2.343,35.09,0.269
2026-09-05T06:04:08Z,D-AXFB-1K,FD4018,0,2.267,34.26,0.35
2026-09-05T06:04:09Z,D-AXFB-1K,FD4018,0,2.475,36.34,0.375
2026-09-05T06:04:10Z,D-AXFB-1K,FD4018,0,2.462,35.32,0.361
2026-09-05T06:04:11Z,D-AXFB-1K,FD4018,0,2.474,35.1,0.276
2026-09-05T06:04:12Z,D-AXFB-1K,FD4018,1,2.314,34.03,0.33
2026-09-05T06:04:13Z,D-AXFB-1K,FD4018,0,2.46,35.27,0.295
2026-09-05T06:04:14Z,D-AXFB-1K,FD4018,0,2.506,35.01,0.318
2026-09-05T06:04:15Z,D-AXFB-1K,FD4018,0,2.352,34.85,0.376
2026-09-05T06:04:16Z,D-AXFB-1K,FD4018,1,2.495,34.85,0.317
2026-09-05T06:04:17Z,D-AXFB-1K,FD4018,1,2.343,34.61,0.34
2026-09-05T06:04:18Z,D-AXFB-1K,FD4018,0,2.431,34.7,0.314
2026-09-05T06:04:19Z,D-AXFB-1K,FD4018,0,2.282,35.71,0.36
2026-09-05T06:04:20Z,D-AXFB-1K,FD4018,0,2.353,34.07,0.354
2026-09-05T06:04:21Z,D-AXFB-1K,FD4018,0,2.534,34.57,0.344
2026-09-05T06:04:22Z,D-AXFB-1K,FD4018,1,2.464,34.88,0.383
2026-09-05T06:04:23Z,D-AXFB-1K,FD4018,0,2.359,34.53,0.336
2026-09-05T06:04:24Z,D-AXFB-1K,FD4018,1,2.326,34.51,0.343
2026-09-05T06:04:25Z,D-AXFB-1K,FD4018,0,2.442,34.85,0.37
2026-09-05T06:04:26Z,D-AXFB-1K,FD4018,0,2.444,34.28,0.395
2026-09-05T06:04:27Z,D-AXFB-1K,FD4018,0,2.513,34.16,0.358
2026-09-05T06:04:28Z,D-AXFB-1K,FD4018,1,2.281,34.33,0.355
2026-09-05T06:04:29Z,D-AXFB-1K,FD4018,0,2.387,34.64,0.339
2026-09-05T06:04:30Z,D-AXFB-1K,FD4018,0,2.464,35.19,0.45
2026-09-05T06:04:31Z,D-AXFB-1K,FD4018,0,2.389,34.28,0.377
2026-09-05T06:04:32Z,D-AXFB-1K,FD4018,0,2.382,35.05,0.199
2026-09-05T06:04:33Z,D-AXFB-1K,FD4018,0,2.509,34.44,0.369
2026-09-05T06:04:34Z,D-AXFB-1K,FD4018,1,2.492,34.46,0.285
2026-09-05T06:04:35Z,D-AXFB-1K,FD4018,0,2.423,34.47,0.297
2026-09-05T06:04:36Z,D-AXFB-1K,FD4018,0,2.278,35.02,0.29
2026-09-05T06:04:37Z,D-AXFB-1K,FD4018,0,2.387,35.11,0.406
2026-09-05T06:04:38Z,D-AXFB-1K,FD4018,0,2.452,34.67,0.363
2026-09-05T06:04:39Z,D-AXFB-1K,FD4018,0,2.352,34.97,0.351
2026-09-05T06:04:40Z,D-AXFB-1K,FD4018,1,2.542,34.07,0.348
2026-09-05T06:04:41Z,D-AXFB-1K,FD4018,0,2.342,34.27,0.32
2026-09-05T06:04:42Z,D-AXFB-1K,FD4018,0,2.389,34.29,0.377
2026-09-05T06:04:43Z,D-AXFB-1K,FD4018,0,2.346,35.01,0.327
2026-09-05T06:04:44Z,D-AXFB-1K,FD4018,0,2.297,33.49,0.343
2026-09-05T06:04:45Z,D-AXFB-1K,FD4018,1,2.523,35.16,0.295
2026-09-05T06:04:46Z,D-AXFB-1K,FD4018,0,2.413,34.92,0.308
2026-09-05T06:04:47Z,D-AXFB-1K,FD4018,0,2.426,34.3,0.427
2026-09-05T06:04:48Z,D-AXFB-1K,FD4018,1,2.393,35.58,0.397
2026-09-05T06:04:49Z,D-AXFB-1K,FD4018,0,2.38,33.87,0.386
2026-09-05T06:04:50Z,D-AXFB-1K,FD4018,0,2.444,34.68,0.416
2026-09-05T06:04:51Z,D-AXFB-1K,FD4018,0,2.441,34.97,0.373
2026-09-05T06:04:52Z,D-AXFB-1K,FD4018,0,2.361,34.58,0.272
2026-09-05T06:04:53Z,D-AXFB-1K,FD4018,1,2.33,34.36,0.346
2026-09-05T06:04:54Z,D-AXFB-1K,FD4018,1,2.353,35.41,0.323
2026-09-05T06:04:55Z,D-AXFB-1K,FD4018,1,2.307,35.21,0.279
2026-09-05T06:04:56Z,D-AXFB-1K,FD4018,0,2.403,34.57,0.418
2026-09-05T06:04:57Z,D-AXFB-1K,FD4018,0,2.307,34.62,0.392
2026-09-05T06:04:58Z,D-AXFB-1K,FD4018,0,2.303,35.81,0.259
2026-09-05T06:04:59Z,D-AXFB-1K,FD4018,0,2.404,36.84,0.443
2026-09-05T06:05:00Z,D-AXFB-1K,FD4018,0,2.519,34.45,0.365
2026-09-05T06:05:01Z,D-AXFB-1K,FD4018,0,2.319,34.67,0.345
2026-09-05T06:05:02Z,D-AXFB-1K,FD4018,0,2.397,35.68,0.356
2026-09-05T06:05:03Z,D-AXFB-1K,FD4018,0,2.573,34.58,0.37
2026-09-05T06:05:04Z,D-AXFB-1K,FD4018,1,2.37,35.12,0.356
2026-09-05T06:05:05Z,D-AXFB-1K,FD4018,0,2.448,35.02,0.334
2026-09-05T06:05:06Z,D-AXFB-1K,FD4018,1,2.337,34.35,0.32
2026-09-05T06:05:07Z,D-AXFB-1K,FD4018,0,2.324,34.87,0.342
2026-09-05T06:05:08Z,D-AXFB-1K,FD4018,0,2.285,35.55,0.344
2026-09-05T06:05:09Z,D-AXFB-1K,FD4018,1,2.208,35.61,0.279
2026-09-05T06:05:10Z,D-AXFB-1K,FD4018,0,2.44,34.68,0.394
2026-09-05T06:05:11Z,D-AXFB-1K,FD4018,0,2.668,35.27,0.342
2026-09-05T06:05:12Z,D-AXFB-1K,FD4018,1,2.446,34.64,0.319
2026-09-05T06:05:13Z,D-AXFB-1K,FD4018,0,2.413,34.56,0.342
2026-09-05T06:05:14Z,D-AXFB-1K,FD4018,0,2.438,35.53,0.385
2026-09-05T06:05:15Z,D-AXFB-1K,FD4018,0,2.413,34.34,0.398
2026-09-05T06:05:16Z,D-AXFB-1K,FD4018,1,2.421,35.34,0.419
2026-09-05T06:05:17Z,D-AXFB-1K,FD4018,0,2.583,35.04,0.358
2026-09-05T06:05:18Z,D-AXFB-1K,FD4018,0,2.3,33.96,0.29
2026-09-05T06:05:19Z,D-AXFB-1K,FD4018,0,2.417,34.44,0.398
2026-09-05T06:05:20Z,D-AXFB-1K,FD4018,0,2.321,34.59,0.362
2026-09-05T06:05:21Z,D-AXFB-1K,FD4018,1,2.232,34.96,0.353
2026-09-05T06:05:22Z,D-AXFB-1K,FD4018,0,2.407,35.07,0.343
2026-09-05T06:05:23Z,D-AXFB-1K,FD4018,0,2.337,34.72,0.327
2026-09-05T06:05:24Z,D-AXFB-1K,FD4018,0,2.444,34.47,0.313
2026-09-05T06:05:25Z,D-AXFB-1K,FD4018,0,2.505,35.43,0.348
2026-09-05T06:05:26Z,D-AXFB-1K,FD4018,0,2.405,35.47,0.423
2026-09-05T06:05:27Z,D-AXFB-1K,FD4018,2,2.431,34.71,0.34
2026-09-05T06:05:28Z,D-AXFB-1K,FD4018,1,2.377,34.79,0.381
2026-09-05T06:05:29Z,D-AXFB-1K,FD4018,0,2.318,33.93,0.363
2026-09-05T06:05:30Z,D-AXFB-1K,FD4018,0,2.384,34.1,0.355
2026-09-05T06:05:31Z,D-AXFB-1K,FD4018,0,2.475,34.72,0.349
2026-09-05T06:05:32Z,D-AXFB-1K,FD4018,1,2.406,35.79,0.32
2026-09-05T06:05:33Z,D-AXFB-1K,FD4018,0,2.451,35.82,0.327
2026-09-05T06:05:34Z,D-AXFB-1K,FD4018,0,2.456,35.27,0.299
2026-09-05T06:05:35Z,D-AXFB-1K,FD4018,0,2.466,36.33,0.289
2026-09-05T06:05:36Z,D-AXFB-1K,FD4018,0,2.415,34.46,0.4
2026-09-05T06:05:37Z,D-AXFB-1K,FD4018,0,2.503,34.29,0.32
2026-09-05T06:05:38Z,D-AXFB-1K,FD4018,0,2.464,34.48,0.322
2026-09-05T06:05:39Z,D-AXFB-1K,FD4018,0,2.42,35.48,0.38
2026-09-05T06:05:40Z,D-AXFB-1K,FD4018,0,2.213,34.96,0.294
2026-09-05T06:05:41Z,D-AXFB-1K,FD4018,0,2.423,35.53,0.279
2026-09-05T06:05:42Z,D-AXFB-1K,FD4018,0,2.504,34.08,0.328
2026-09-05T06:05:43Z,D-AXFB-1K,FD4018,0,2.318,34.88,0.397
2026-09-05T06:05:44Z,D-AXFB-1K,FD4018,1,2.537,34.13,0.321
2026-09-05T06:05:45Z,D-AXFB-1K,FD4018,0,2.392,34.7,0.32
2026-09-05T06:05:46Z,D-AXFB-1K,FD4018,0,2.34,35.41,0.305
2026-09-05T06:05:47Z,D-AXFB-1K,FD4018,1,2.386,34.99,0.341
2026-09-05T06:05:48Z,D-AXFB-1K,FD4018,0,2.42,34.05,0.305
2026-09-05T06:05:49Z,D-AXFB-1K,FD4018,0,2.433,33.92,0.312
2026-09-05T06:05:50Z,D-AXFB-1K,FD4018,0,2.483,34.54,0.398
2026-09-05T06:05:51Z,D-AXFB-1K,FD4018,1,2.372,35.23,0.384
2026-09-05T06:05:52Z,D-AXFB-1K,FD4018,1,2.444,34.83,0.299
2026-09-05T06:05:53Z,D-AXFB-1K,FD4018,0,2.383,35.34,0.385
2026-09-05T06:05:54Z,D-AXFB-1K,FD4018,1,2.46,34.49,0.308
2026-09-05T06:05:55Z,D-AXFB-1K,FD4018,0,2.495,34.62,0.295
2026-09-05T06:05:56Z,D-AXFB-1K,FD4018,0,2.444,34.71,0.332
2026-09-05T06:05:57Z,D-AXFB-1K,FD4018,0,2.32,33.84,0.319
2026-09-05T06:05:58Z,D-AXFB-1K,FD4018,0,2.181,34.67,0.298
2026-09-05T06:05:59Z,D-AXFB-1K,FD4018,0,2.369,35.14,0.338
2026-09-05T06:06:00Z,D-AXFB-1K,FD4018,0,2.457,35.26,0.359
2026-09-05T06:06:01Z,D-AXFB-1K,FD4018,0,2.303,35.03,0.317
2026-09-05T06:06:02Z,D-AXFB-1K,FD4018,0,2.444,34.92,0.367
2026-09-05T06:06:03Z,D-AXFB-1K,FD4018,0,2.502,35.63,0.312
2026-09-05T06:06:04Z,D-AXFB-1K,FD4018,1,2.488,35.24,0.301
2026-09-05T06:06:05Z,D-AXFB-1K,FD4018,0,2.562,33.66,0.303
2026-09-05T06:06:06Z,D-AXFB-1K,FD4018,0,2.24,34.58,0.377
2026-09-05T06:06:07Z,D-AXFB-1K,FD4018,0,2.446,34.54,0.371
2026-09-05T06:06:08Z,D-AXFB-1K,FD4018,0,2.405,34.59,0.337
2026-09-05T06:06:09Z,D-AXFB-1K,FD4018,0,2.515,34.42,0.33
2026-09-05T06:06:10Z,D-AXFB-1K,FD4018,0,2.352,35.67,0.314
2026-09-05T06:06:11Z,D-AXFB-1K,FD4018,0,2.523,35.11,0.416
2026-09-05T06:06:12Z,D-AXFB-1K,FD4018,0,2.354,34.52,0.457
2026-09-05T06:06:13Z,D-AXFB-1K,FD4018,0,2.494,35.42,0.332
2026-09-05T06:06:14Z,D-AXFB-1K,FD4018,0,2.561,35.08,0.361
2026-09-05T06:06:15Z,D-AXFB-1K,FD4018,0,2.367,35.41,0.357
2026-09-05T06:06:16Z,D-AXFB-1K,FD4018,0,2.447,34.27,0.331
2026-09-05T06:06:17Z,D-AXFB-1K,FD4018,0,2.491,34.31,0.334
2026-09-05T06:06:18Z,D-AXFB-1K,FD4018,0,2.473,34.65,0.387
2026-09-05T06:06:19Z,D-AXFB-1K,FD4018,0,2.395,34.49,0.306
2026-09-05T06:06:20Z,D-AXFB-1K,FD4018,1,2.412,33.9,0.407
2026-09-05T06:06:21Z,D-AXFB-1K,FD4018,0,2.239,34.66,0.36
2026-09-05T06:06:22Z,D-AXFB-1K,FD4018,1,2.551,35.34,0.384
2026-09-05T06:06:23Z,D-AXFB-1K,FD4018,1,2.659,34.48,0.376
2026-09-05T06:06:24Z,D-AXFB-1K,FD4018,0,2.509,35.2,0.354
2026-09-05T06:06:25Z,D-AXFB-1K,FD4018,0,2.36,34.23,0.355
2026-09-05T06:06:26Z,D-AXFB-1K,FD4018,1,2.544,35.02,0.331
2026-09-05T06:06:27Z,D-AXFB-1K,FD4018,0,2.396,34.74,0.361
2026-09-05T06:06:28Z,D-AXFB-1K,FD4018,0,2.36,34.44,0.37
2026-09-05T06:06:29Z,D-AXFB-1K,FD4018,0,2.508,34.9,0.385
2026-09-05T06:06:30Z,D-AXFB-1K,FD4018,0,2.565,34.85,0.364
2026-09-05T06:06:31Z,D-AXFB-1K,FD4018,0,2.405,33.93,0.263
2026-09-05T06:06:32Z,D-AXFB-1K,FD4018,0,2.562,35.12,0.294
2026-09-05T06:06:33Z,D-AXFB-1K,FD4018,1,2.263,34.38,0.371
2026-09-05T06:06:34Z,D-AXFB-1K,FD4018,0,2.317,34.8,0.292
2026-09-05T06:06:35Z,D-AXFB-1K,FD4018,1,2.39,35.39,0.358
2026-09-05T06:06:36Z,D-AXFB-1K,FD4018,0,2.358,34.41,0.304
2026-09-05T06:06:37Z,D-AXFB-1K,FD4018,0,2.403,35.74,0.384
2026-09-05T06:06:38Z,D-AXFB-1K,FD4018,0,2.341,35.82,0.353
2026-09-05T06:06:39Z,D-AXFB-1K,FD4018,0,2.491,35.43,0.363
2026-09-05T06:06:40Z,D-AXFB-1K,FD4018,1,2.41,34.31,0.339
2026-09-05T06:06:41Z,D-AXFB-1K,FD4018,0,2.299,34.66,0.318
2026-09-05T06:06:42Z,D-AXFB-1K,FD4018,0,2.501,34.62,0.313
2026-09-05T06:06:43Z,D-AXFB-1K,FD4018,0,2.355,35.57,0.407
2026-09-05T06:06:44Z,D-AXFB-1K,FD4018,0,2.329,35.09,0.295
2026-09-05T06:06:45Z,D-AXFB-1K,FD4018,0,2.431,34.19,0.33
2026-09-05T06:06:46Z,D-AXFB-1K,FD4018,0,2.426,34.12,0.396
2026-09-05T06:06:47Z,D-AXFB-1K,FD4018,0,2.322,34.83,0.296
2026-09-05T06:06:48Z,D-AXFB-1K,FD4018,0,2.487,34.53,0.241
2026-09-05T06:06:49Z,D-AXFB-1K,FD4018,1,2.525,35.05,0.401
2026-09-05T06:06:50Z,D-AXFB-1K,FD4018,0,2.339,34.95,0.422
2026-09-05T06:06:51Z,D-AXFB-1K,FD4018,1,2.476,33.88,0.346
2026-09-05T06:06:52Z,D-AXFB-1K,FD4018,0,2.433,34.85,0.441
2026-09-05T06:06:53Z,D-AXFB-1K,FD4018,0,2.412,34.87,0.326
2026-09-05T06:06:54Z,D-AXFB-1K,FD4018,0,2.376,34.99,0.315
2026-09-05T06:06:55Z,D-AXFB-1K,FD4018,1,2.286,35.4,0.309
2026-09-05T06:06:56Z,D-AXFB-1K,FD4018,1,2.436,34.06,0.305
2026-09-05T06:06:57Z,D-AXFB-1K,FD4018,0,2.458,35.33,0.353
2026-09-05T06:06:58Z,D-AXFB-1K,FD4018,1,2.429,35.26,0.368
2026-09-05T06:06:59Z,D-AXFB-1K,FD4018,0,2.311,34.92,0.386
2026-09-05T06:07:00Z,D-AXFB-1K,FD4018,0,2.403,37.71,0.996
2026-09-05T06:07:01Z,D-AXFB-1K,FD4018,1,2.445,37.96,1.076
2026-09-05T06:07:02Z,D-AXFB-1K,FD4018,1,2.526,38.27,1.077
2026-09-05T06:07:03Z,D-AXFB-1K,FD4018,0,2.4,38.6,0.969
2026-09-05T06:07:04Z,D-AXFB-1K,FD4018,1,2.386,38.37,1.002
2026-09-05T06:07:05Z,D-AXFB-1K,FD4018,0,2.545,37.42,0.996
2026-09-05T06:07:06Z,D-AXFB-1K,FD4018,43,2.317,38.81,0.954
2026-09-05T06:07:07Z,D-AXFB-1K,FD4018,0,2.294,37.32,0.923
2026-09-05T06:07:08Z,D-AXFB-1K,FD4018,1,2.345,38.09,0.99
2026-09-05T06:07:09Z,D-AXFB-1K,FD4018,1,2.414,37.86,0.987
2026-09-05T06:07:10Z,D-AXFB-1K,FD4018,0,2.325,37.89,0.995
2026-09-05T06:07:11Z,D-AXFB-1K,FD4018,0,2.391,38.42,0.973
2026-09-05T06:07:12Z,D-AXFB-1K,FD4018,0,2.445,37.76,1.051
2026-09-05T06:07:13Z,D-AXFB-1K,FD4018,2,2.416,37.72,0.984
2026-09-05T06:07:14Z,D-AXFB-1K,FD4018,1,2.451,37.53,1.084
2026-09-05T06:07:15Z,D-AXFB-1K,FD4018,0,2.466,38.76,0.926
2026-09-05T06:07:16Z,D-AXFB-1K,FD4018,1,2.39,39.11,0.965
2026-09-05T06:07:17Z,D-AXFB-1K,FD4018,0,2.39,38.2,1.012
2026-09-05T06:07:18Z,D-AXFB-1K,FD4018,2,2.297,38.24,0.963
2026-09-05T06:07:19Z,D-AXFB-1K,FD4018,1,2.622,38.08,1.052
2026-09-05T06:07:20Z,D-AXFB-1K,FD4018,0,2.427,38.13,0.988
2026-09-05T06:07:21Z,D-AXFB-1K,FD4018,1,2.457,38.66,0.949
2026-09-05T06:07:22Z,D-AXFB-1K,FD4018,3,2.298,38.37,1.033
2026-09-05T06:07:23Z,D-AXFB-1K,FD4018,1,2.404,38.42,1.013
2026-09-05T06:07:24Z,D-AXFB-1K,FD4018,0,2.4,38.64,0.97
2026-09-05T06:07:25Z,D-AXFB-1K,FD4018,0,2.493,37.46,1.003
2026-09-05T06:07:26Z,D-AXFB-1K,FD4018,0,2.326,38.52,0.944
2026-09-05T06:07:27Z,D-AXFB-1K,FD4018,1,2.287,37.93,0.988
2026-09-05T06:07:28Z,D-AXFB-1K,FD4018,0,2.471,37.78,1.08
2026-09-05T06:07:29Z,D-AXFB-1K,FD4018,0,2.439,38.55,0.945
2026-09-05T06:07:30Z,D-AXFB-1K,FD4018,1,2.444,38.28,0.986
2026-09-05T06:07:31Z,D-AXFB-1K,FD4018,0,2.602,37.27,1.027
2026-09-05T06:07:32Z,D-AXFB-1K,FD4018,1,2.317,37.84,0.987
2026-09-05T06:07:33Z,D-AXFB-1K,FD4018,0,2.382,38.12,0.967
2026-09-05T06:07:34Z,D-AXFB-1K,FD4018,0,2.339,37.89,1.051
2026-09-05T06:07:35Z,D-AXFB-1K,FD4018,0,2.494,38.93,0.999
2026-09-05T06:07:36Z,D-AXFB-1K,FD4018,2,2.291,39.4,1.018
2026-09-05T06:07:37Z,D-AXFB-1K,FD4018,0,2.387,38.07,0.976
2026-09-05T06:07:38Z,D-AXFB-1K,FD4018,1,2.396,38.41,1.034
2026-09-05T06:07:39Z,D-AXFB-1K,FD4018,0,2.507,39.5,0.957
2026-09-05T06:07:40Z,D-AXFB-1K,FD4018,0,2.307,38.02,1.017
2026-09-05T06:07:41Z,D-AXFB-1K,FD4018,1,2.468,38.0,1.068
2026-09-05T06:07:42Z,D-AXFB-1K,FD4018,0,2.353,37.83,0.912
2026-09-05T06:07:43Z,D-AXFB-1K,FD4018,1,2.43,38.06,0.955
2026-09-05T06:07:44Z,D-AXFB-1K,FD4018,1,2.423,38.17,0.968
2026-09-05T06:07:45Z,D-AXFB-1K,FD4018,0,2.396,37.42,1.051
2026-09-05T06:07:46Z,D-AXFB-1K,FD4018,0,2.483,38.25,1.037
2026-09-05T06:07:47Z,D-AXFB-1K,FD4018,1,2.508,37.85,0.999
2026-09-05T06:07:48Z,D-AXFB-1K,FD4018,1,2.485,37.54,1.032
2026-09-05T06:07:49Z,D-AXFB-1K,FD4018,1,2.352,37.32,0.945
2026-09-05T06:07:50Z,D-AXFB-1K,FD4018,0,2.323,38.22,1.044
2026-09-05T06:07:51Z,D-AXFB-1K,FD4018,1,2.306,37.52,0.999
2026-09-05T06:07:52Z,D-AXFB-1K,FD4018,0,2.317,37.51,0.976
2026-09-05T06:07:53Z,D-AXFB-1K,FD4018,1,2.467,37.45,0.955
2026-09-05T06:07:54Z,D-AXFB-1K,FD4018,22,2.287,38.18,0.994
2026-09-05T06:07:55Z,D-AXFB-1K,FD4018,0,2.388,37.39,1.005
2026-09-05T06:07:56Z,D-AXFB-1K,FD4018,0,2.453,37.25,0.992
2026-09-05T06:07:57Z,D-AXFB-1K,FD4018,1,2.375,38.62,0.987
2026-09-05T06:07:58Z,D-AXFB-1K,FD4018,21,2.635,38.27,1.082
2026-09-05T06:07:59Z,D-AXFB-1K,FD4018,1,2.449,38.05,1.0
2026-09-05T06:08:00Z,D-AXFB-1K,FD4018,0,2.341,38.43,0.988
2026-09-05T06:08:01Z,D-AXFB-1K,FD4018,1,2.54,37.78,1.029
2026-09-05T06:08:02Z,D-AXFB-1K,FD4018,0,2.396,37.9,0.954
2026-09-05T06:08:03Z,D-AXFB-1K,FD4018,2,2.403,38.47,1.074
2026-09-05T06:08:04Z,D-AXFB-1K,FD4018,1,2.334,38.89,0.984
2026-09-05T06:08:05Z,D-AXFB-1K,FD4018,0,2.425,38.05,1.034
2026-09-05T06:08:06Z,D-AXFB-1K,FD4018,0,2.339,38.52,1.041
2026-09-05T06:08:07Z,D-AXFB-1K,FD4018,36,2.39,38.74,0.94
2026-09-05T06:08:08Z,D-AXFB-1K,FD4018,1,2.379,37.22,0.98
2026-09-05T06:08:09Z,D-AXFB-1K,FD4018,1,2.532,37.56,0.99
2026-09-05T06:08:10Z,D-AXFB-1K,FD4018,0,2.296,37.71,1.062
2026-09-05T06:08:11Z,D-AXFB-1K,FD4018,2,2.384,38.86,0.972
2026-09-05T06:08:12Z,D-AXFB-1K,FD4018,1,2.423,37.86,1.06
2026-09-05T06:08:13Z,D-AXFB-1K,FD4018,0,2.374,36.84,1.059
2026-09-05T06:08:14Z,D-AXFB-1K,FD4018,1,2.334,37.61,1.021
2026-09-05T06:08:15Z,D-AXFB-1K,FD4018,1,2.643,38.24,1.004
2026-09-05T06:08:16Z,D-AXFB-1K,FD4018,2,2.5,38.21,1.012
2026-09-05T06:08:17Z,D-AXFB-1K,FD4018,0,2.439,38.18,1.051
2026-09-05T06:08:18Z,D-AXFB-1K,FD4018,1,2.318,38.1,1.073
2026-09-05T06:08:19Z,D-AXFB-1K,FD4018,0,2.599,38.38,1.078
2026-09-05T06:08:20Z,D-AXFB-1K,FD4018,1,2.517,38.04,0.97
2026-09-05T06:08:21Z,D-AXFB-1K,FD4018,0,2.294,38.06,1.036
2026-09-05T06:08:22Z,D-AXFB-1K,FD4018,1,2.502,38.99,0.963
2026-09-05T06:08:23Z,D-AXFB-1K,FD4018,0,2.228,37.93,0.973
2026-09-05T06:08:24Z,D-AXFB-1K,FD4018,44,2.408,37.94,0.991
2026-09-05T06:08:25Z,D-AXFB-1K,FD4018,0,2.43,37.11,1.033
2026-09-05T06:08:26Z,D-AXFB-1K,FD4018,0,2.368,37.87,0.998
2026-09-05T06:08:27Z,D-AXFB-1K,FD4018,0,2.35,37.56,0.99
2026-09-05T06:08:28Z,D-AXFB-1K,FD4018,1,2.392,38.25,0.96
2026-09-05T06:08:29Z,D-AXFB-1K,FD4018,1,2.274,38.16,0.99
2026-09-05T06:08:30Z,D-AXFB-1K,FD4018,1,2.397,37.74,0.926
2026-09-05T06:08:31Z,D-AXFB-1K,FD4018,1,2.435,38.31,0.941
2026-09-05T06:08:32Z,D-AXFB-1K,FD4018,0,2.218,38.91,1.035
2026-09-05T06:08:33Z,D-AXFB-1K,FD4018,1,2.369,38.27,1.014
2026-09-05T06:08:34Z,D-AXFB-1K,FD4018,0,2.482,38.2,0.992
2026-09-05T06:08:35Z,D-AXFB-1K,FD4018,1,2.505,37.39,1.011
2026-09-05T06:08:36Z,D-AXFB-1K,FD4018,0,2.414,37.61,1.07
2026-09-05T06:08:37Z,D-AXFB-1K,FD4018,0,2.346,38.51,0.991
2026-09-05T06:08:38Z,D-AXFB-1K,FD4018,0,2.381,37.49,1.004
2026-09-05T06:08:39Z,D-AXFB-1K,FD4018,1,2.623,36.86,1.02
2026-09-05T06:08:40Z,D-AXFB-1K,FD4018,0,2.452,38.37,1.079
2026-09-05T06:08:41Z,D-AXFB-1K,FD4018,0,2.418,38.29,0.986
2026-09-05T06:08:42Z,D-AXFB-1K,FD4018,1,2.291,38.31,1.002
2026-09-05T06:08:43Z,D-AXFB-1K,FD4018,0,2.298,38.28,0.978
2026-09-05T06:08:44Z,D-AXFB-1K,FD4018,0,2.269,37.55,0.993
2026-09-05T06:08:45Z,D-AXFB-1K,FD4018,1,2.339,37.78,1.023
2026-09-05T06:08:46Z,D-AXFB-1K,FD4018,1,2.416,37.45,1.07
2026-09-05T06:08:47Z,D-AXFB-1K,FD4018,1,2.502,38.1,0.995
2026-09-05T06:08:48Z,D-AXFB-1K,FD4018,1,2.322,37.95,0.927
2026-09-05T06:08:49Z,D-AXFB-1K,FD4018,1,2.44,38.13,1.003
2026-09-05T06:08:50Z,D-AXFB-1K,FD4018,0,2.334,38.34,0.951
2026-09-05T06:08:51Z,D-AXFB-1K,FD4018,1,2.429,38.04,1.025
2026-09-05T06:08:52Z,D-AXFB-1K,FD4018,2,2.415,38.44,0.993
2026-09-05T06:08:53Z,D-AXFB-1K,FD4018,1,2.483,38.61,0.987
2026-09-05T06:08:54Z,D-AXFB-1K,FD4018,2,2.421,38.27,0.952
2026-09-05T06:08:55Z,D-AXFB-1K,FD4018,1,2.487,37.91,0.979
2026-09-05T06:08:56Z,D-AXFB-1K,FD4018,63,2.492,37.98,0.988
2026-09-05T06:08:57Z,D-AXFB-1K,FD4018,1,2.315,38.99,1.017
2026-09-05T06:08:58Z,D-AXFB-1K,FD4018,0,2.501,37.24,0.959
2026-09-05T06:08:59Z,D-AXFB-1K,FD4018,0,2.35,37.57,1.06
2026-09-05T06:09:00Z,D-AXFB-1K,FD4018,0,2.228,34.13,0.405
2026-09-05T06:09:01Z,D-AXFB-1K,FD4018,0,2.376,35.04,0.343
2026-09-05T06:09:02Z,D-AXFB-1K,FD4018,0,2.397,34.83,0.325
2026-09-05T06:09:03Z,D-AXFB-1K,FD4018,0,2.371,34.51,0.376
2026-09-05T06:09:04Z,D-AXFB-1K,FD4018,0,2.287,34.0,0.358
2026-09-05T06:09:05Z,D-AXFB-1K,FD4018,0,2.339,34.9,0.39
2026-09-05T06:09:06Z,D-AXFB-1K,FD4018,0,2.215,34.42,0.382
2026-09-05T06:09:07Z,D-AXFB-1K,FD4018,0,2.552,34.18,0.361
2026-09-05T06:09:08Z,D-AXFB-1K,FD4018,0,2.431,35.0,0.336
2026-09-05T06:09:09Z,D-AXFB-1K,FD4018,0,2.374,35.08,0.314
2026-09-05T06:09:10Z,D-AXFB-1K,FD4018,0,2.336,35.03,0.388
2026-09-05T06:09:11Z,D-AXFB-1K,FD4018,1,2.477,34.35,0.339
2026-09-05T06:09:12Z,D-AXFB-1K,FD4018,0,2.451,34.81,0.363
2026-09-05T06:09:13Z,D-AXFB-1K,FD4018,0,2.453,35.54,0.369
2026-09-05T06:09:14Z,D-AXFB-1K,FD4018,0,2.468,35.28,0.349
2026-09-05T06:09:15Z,D-AXFB-1K,FD4018,0,2.478,35.59,0.391
2026-09-05T06:09:16Z,D-AXFB-1K,FD4018,1,2.332,34.23,0.351
2026-09-05T06:09:17Z,D-AXFB-1K,FD4018,0,2.345,35.2,0.374
2026-09-05T06:09:18Z,D-AXFB-1K,FD4018,1,2.445,35.1,0.291
2026-09-05T06:09:19Z,D-AXFB-1K,FD4018,0,2.368,34.7,0.299
2026-09-05T06:09:20Z,D-AXFB-1K,FD4018,0,2.409,34.03,0.37
2026-09-05T06:09:21Z,D-AXFB-1K,FD4018,0,2.376,35.03,0.357
2026-09-05T06:09:22Z,D-AXFB-1K,FD4018,0,2.394,34.66,0.341
2026-09-05T06:09:23Z,D-AXFB-1K,FD4018,1,2.465,35.01,0.325
2026-09-05T06:09:24Z,D-AXFB-1K,FD4018,0,2.416,34.72,0.385
2026-09-05T06:09:25Z,D-AXFB-1K,FD4018,0,2.493,35.11,0.366
2026-09-05T06:09:26Z,D-AXFB-1K,FD4018,1,2.322,35.51,0.319
2026-09-05T06:09:27Z,D-AXFB-1K,FD4018,1,2.461,34.96,0.338
2026-09-05T06:09:28Z,D-AXFB-1K,FD4018,0,2.324,35.03,0.312
2026-09-05T06:09:29Z,D-AXFB-1K,FD4018,1,2.382,34.43,0.387
2026-09-05T06:09:30Z,D-AXFB-1K,FD4018,0,2.425,35.06,0.348
2026-09-05T06:09:31Z,D-AXFB-1K,FD4018,0,2.495,35.39,0.342
2026-09-05T06:09:32Z,D-AXFB-1K,FD4018,1,2.438,35.26,0.408
2026-09-05T06:09:33Z,D-AXFB-1K,FD4018,0,2.431,34.99,0.415
2026-09-05T06:09:34Z,D-AXFB-1K,FD4018,0,2.419,34.73,0.397
2026-09-05T06:09:35Z,D-AXFB-1K,FD4018,0,2.405,34.58,0.324
2026-09-05T06:09:36Z,D-AXFB-1K,FD4018,0,2.394,35.02,0.278
2026-09-05T06:09:37Z,D-AXFB-1K,FD4018,1,2.509,34.16,0.338
2026-09-05T06:09:38Z,D-AXFB-1K,FD4018,0,2.431,35.21,0.355
2026-09-05T06:09:39Z,D-AXFB-1K,FD4018,0,2.426,34.67,0.277
2026-09-05T06:09:40Z,D-AXFB-1K,FD4018,0,2.493,34.52,0.302
2026-09-05T06:09:41Z,D-AXFB-1K,FD4018,0,2.264,35.44,0.302
2026-09-05T06:09:42Z,D-AXFB-1K,FD4018,0,2.284,34.53,0.406
2026-09-05T06:09:43Z,D-AXFB-1K,FD4018,0,2.197,34.69,0.384
2026-09-05T06:09:44Z,D-AXFB-1K,FD4018,0,2.551,34.91,0.327
2026-09-05T06:09:45Z,D-AXFB-1K,FD4018,0,2.398,34.32,0.322
2026-09-05T06:09:46Z,D-AXFB-1K,FD4018,0,2.377,35.38,0.342
2026-09-05T06:09:47Z,D-AXFB-1K,FD4018,0,2.411,34.55,0.349
2026-09-05T06:09:48Z,D-AXFB-1K,FD4018,0,2.35,34.61,0.333
2026-09-05T06:09:49Z,D-AXFB-1K,FD4018,1,2.542,34.2,0.334
2026-09-05T06:09:50Z,D-AXFB-1K,FD4018,0,2.332,34.61,0.305
2026-09-05T06:09:51Z,D-AXFB-1K,FD4018,0,2.398,33.96,0.376
2026-09-05T06:09:52Z,D-AXFB-1K,FD4018,1,2.421,34.27,0.394
2026-09-05T06:09:53Z,D-AXFB-1K,FD4018,1,2.332,35.19,0.311
2026-09-05T06:09:54Z,D-AXFB-1K,FD4018,1,2.372,33.94,0.329
2026-09-05T06:09:55Z,D-AXFB-1K,FD4018,1,2.341,34.29,0.325
2026-09-05T06:09:56Z,D-AXFB-1K,FD4018,0,2.349,35.2,0.415
2026-09-05T06:09:57Z,D-AXFB-1K,FD4018,0,2.342,35.25,0.381
2026-09-05T06:09:58Z,D-AXFB-1K,FD4018,0,2.355,35.16,0.33
2026-09-05T06:09:59Z,D-AXFB-1K,FD4018,0,2.446,35.07,0.288
